country,year,deaths,events,latitude,longitude
Afghanistan,2017,19591,2458,34.5311,69.1628
Afghanistan,2021,35712,4435,34.5644,69.2172
Afghanistan,1989,5393,144,34.3333,70.4167
,1989,0,82,0.0000,0.0000
Afghanistan,1990,1453,43,34.5481,68.9364
,1990,0,73,0.0000,0.0000
Afghanistan,1991,3553,64,37.1166,70.5800
Afghanistan,1992,4385,76,34.5311,69.1628
Afghanistan,1996,3595,234,35.0159,69.1741
Afghanistan,1993,4025,112,34.5311,69.1628
,1993,0,81,0.0000,0.0000
Afghanistan,1994,9056,244,34.3995,69.1646
Afghanistan,1995,5618,219,34.5311,69.1628
Afghanistan,2002,1157,94,34.5311,69.1628
Afghanistan,2003,944,186,31.3170,66.3286
Afghanistan,2006,4975,845,33.4947,70.0048
Afghanistan,2008,5660,1114,34.7972,69.6792
Afghanistan,2009,6486,1512,34.7237,69.6703
Afghanistan,2010,7147,1803,36.3249,68.6234
Afghanistan,2011,7462,2192,34.3843,68.7039
Afghanistan,2012,7783,2301,34.8864,69.7021
Afghanistan,2013,8131,1926,34.5311,69.1628
Afghanistan,2014,12547,2118,34.0708,66.2961
Afghanistan,2016,18704,2416,33.3180,69.7766
Afghanistan,2004,817,241,33.3180,69.7766
Afghanistan,2005,1711,430,33.3908,62.2588
,2006,0,84,0.0000,0.0000
Afghanistan,2007,7015,1041,32.6666,62.1571
,2007,0,63,0.0000,0.0000
,2009,0,657,0.0000,0.0000
, 2009-11-16,0,1,0.0000,0.0000
, 2009-11-17,0,1,0.0000,0.0000
,2014,0,802,0.0000,0.0000
Afghanistan,2015,17992,2263,34.4288,70.4557
,2016,0,1156,0.0000,0.0000
,2017,0,728,0.0000,0.0000
Afghanistan,2018,18887,3065,33.3058,68.4470
,2018,0,1698,0.0000,0.0000
,2018-06-11,0,1,0.0000,0.0000
,2018-07-19,0,1,0.0000,0.0000
,2018-07-29,0,1,0.0000,0.0000
,2018-08-23,0,1,0.0000,0.0000
,2018 Annual Report on the Protection of Civilians in Armed Conflict in Afghanistan,0,1,NaN,NaN
Afghanistan,2019,26545,4201,35.0422,69.6334
,2019,0,1347,0.0000,0.0000
,2019-01-23,0,1,0.0000,0.0000
,2020,0,1145,0.0000,0.0000
Afghanistan,2020,18419,3066,31.5819,64.9931
,2021,0,1262,0.0000,0.0000
Afghanistan,1997,6721,199,34.9406,69.2653
Afghanistan,1998,12174,217,34.7972,69.6792
Afghanistan,1999,5065,189,35.0000,68.9167
Afghanistan,2000,5394,207,34.3606,63.2504
Afghanistan,2001,5545,260,33.0000,65.0000
,2011,0,881,0.0000,0.0000
Afghanistan,2022,1442,398,34.9217,71.3072
,2022,0,1565,0.0000,0.0000
Afghanistan,2023,303,168,34.7505,71.1183
,2023,0,2630,0.0000,0.0000
,2010,0,871,0.0000,0.0000
,2001,0,1142,0.0000,0.0000
,2018-07-17,0,1,0.0000,0.0000
Albania,1999,26,10,42.4503,20.1842
Algeria,1990,1,1,36.1477,3.6912
Algeria,1991,34,4,33.3333,6.8833
Algeria,1992,274,120,36.7631,3.0506
Algeria,1993,826,269,33.7915,3.1448
Algeria,1994,1943,350,35.6911,-0.6417
Algeria,1995,3059,394,28.0000,3.0000
Algeria,1996,1091,123,28.0000,3.0000
Algeria,1997,2008,128,34.6667,0.1667
Algeria,1999,1168,226,36.2500,1.2500
Algeria,1998,3284,383,36.1477,3.6912
Algeria,2000,1193,252,28.0000,3.0000
Algeria,2001,674,80,34.6728,3.2630
Algeria,2002,931,212,36.5741,2.9121
Algeria,2003,569,194,36.7742,5.5972
,2003,0,1899,0.0000,0.0000
Algeria,2004,457,212,36.3100,2.1622
,2004,0,1079,0.0000,0.0000
,2002,0,1437,0.0000,0.0000
Algeria,2005,232,72,34.6667,6.0000
Algeria,2006,292,91,36.7500,6.0000
Algeria,2007,495,128,36.9767,6.5078
Algeria,2008,345,111,36.7462,3.8316
Algeria,2009,508,183,28.0000,3.0000
Algeria,2010,193,79,36.6804,4.8676
Algeria,2011,224,111,35.0000,7.8333
Algeria,2012,180,89,36.5646,3.5933
,2012,0,667,0.0000,0.0000
Algeria,2013,192,66,36.7500,4.2500
,2013,0,438,0.0000,0.0000
Algeria,2014,104,40,36.2500,3.9167
Algeria,2015,102,42,36.5647,4.3062
,2015,0,1030,0.0000,0.0000
Algeria,2016,87,26,35.3781,6.0737
Algeria,2017,57,23,28.0000,3.0000
Algeria,2018,35,9,34.9164,7.1243
Algeria,2019,15,9,35.1939,-0.6414
Algeria,2020,28,17,36.4659,1.9659
Algeria,2021,4,3,34.9982,7.3035
Algeria,2023,1,1,35.6078,1.8111
Angola,1989,2873,259,-12.5000,18.5000
Angola,1990,2609,181,-15.1667,19.1833
Angola,1991,516,19,-13.0000,14.0000
Angola,1992,2352,38,-14.9167,13.5000
Angola,1993,12398,220,-14.9167,13.5000
Angola,1994,4009,320,-7.6167,21.5667
Angola,1995,238,76,-7.9333,14.1000
Angola,1996,28,27,-8.2333,14.3000
Angola,1997,105,35,-8.4000,20.7167
Angola,1998,1191,109,-15.0667,13.5500
Angola,1999,2666,245,-9.5447,16.3453
Angola,2000,1204,129,-13.0000,20.5000
Angola,2001,2158,124,-16.0000,20.0000
Angola,2002,577,66,-16.0000,16.0000
Angola,2013,2,1,-8.8333,13.3333
,1998,0,77,0.0000,0.0000
Angola,2004,38,19,-4.6667,12.8333
,1996,0,84,0.0000,0.0000
,2000,0,1218,0.0000,0.0000
Angola,2003,81,35,-5.0000,12.5000
Angola,2005,14,12,-4.7500,12.6667
Angola,2006,3,12,-4.9500,12.6167
Angola,2007,26,22,-5.0000,12.5000
Angola,2008,4,8,-5.0000,12.5000
,2008,0,84,0.0000,0.0000
Angola,2009,25,9,-5.0000,12.5000
Angola,2010,5,2,-4.9500,12.1800
Angola,2011,1,2,-5.0000,12.3333
Angola,2014,0,6,-5.0000,12.3333
Angola,2015,1,2,-4.9500,12.6167
Angola,2020,23,22,-4.8500,12.4000
Angola,2022,21,14,-4.9500,12.1800
,2005,0,62,0.0000,0.0000
Angola,2016,24,14,-8.8333,13.3333
Angola,2017,18,16,-9.1333,18.0500
Angola,2018,23,5,-8.8333,13.3333
Angola,2019,23,8,-4.7667,12.7167
Angola,2021,12,3,-8.7667,18.0000
Angola,2023,0,1,-4.4545,12.8782
Argentina,1992,0,1,-34.6033,-58.3817
Argentina,1994,86,1,-34.6033,-58.3817
Armenia,1992,56,8,39.5000,46.3333
,1992,0,155,0.0000,0.0000
Armenia,1993,33,6,40.0000,45.0000
Armenia,1994,30,1,40.5833,45.2500
,1995,0,55,0.0000,0.0000
Armenia,1995,6,5,40.0000,45.0000
Armenia,2005,1,1,41.0557,45.1472
Armenia,2012,9,5,40.9167,45.1667
Armenia,2013,1,1,38.8667,46.2000
Armenia,2015,16,8,41.1093,45.0566
Armenia,2016,4,1,40.8547,45.5778
Armenia,2018,1,1,40.8547,45.5778
Armenia,2019,2,2,41.1724,44.9992
Armenia,2020,9,7,40.0000,45.0000
Armenia,2021,7,7,40.2500,45.4167
,2021-07-28,0,1,0.0000,0.0000
Armenia,2022,154,8,40.2500,45.4167
Armenia,2023,18,9,39.7457,44.8247
Austria,2020,4,1,48.2083,16.3737
Azerbaijan,1991,35,3,39.8174,46.7532
Azerbaijan,1992,2587,166,40.0000,46.5833
Azerbaijan,1993,1149,70,39.8500,46.3000
Azerbaijan,1994,1481,56,40.2927,46.9448
,1994,0,251,0.0000,0.0000
Azerbaijan,1995,54,9,39.6000,47.3300
Azerbaijan,1996,5,3,39.3377,45.4820
Azerbaijan,1997,29,3,40.2998,45.9287
Azerbaijan,1998,34,4,40.5000,47.5000
Azerbaijan,1999,18,6,39.5443,45.8109
Azerbaijan,2000,11,5,40.5000,47.5000
Azerbaijan,2001,6,5,39.9836,46.9286
Azerbaijan,2004,7,2,39.5833,47.3333
Azerbaijan,2005,19,17,40.5000,47.5000
Azerbaijan,2006,5,8,40.0000,46.5833
Azerbaijan,2007,12,10,39.9836,46.9286
Azerbaijan,2008,27,6,40.5000,47.5000
Azerbaijan,2009,7,6,39.9836,46.9286
Azerbaijan,2010,20,14,40.5000,47.5000
Azerbaijan,2011,21,20,40.0000,47.0000
Azerbaijan,2012,16,12,40.0000,47.0000
Azerbaijan,2013,11,10,40.5000,47.5000
Azerbaijan,2014,46,33,40.2500,46.9000
Azerbaijan,2015,63,43,40.0000,47.0000
Azerbaijan,2016,92,25,41.2600,45.0900
Azerbaijan,2017,34,20,40.0000,47.0000
Azerbaijan,2018,16,17,40.0000,46.5833
Azerbaijan,2019,9,10,39.5833,47.3333
Azerbaijan,2020,7636,141,41.0646,45.1241
Azerbaijan,2021,27,17,39.5833,47.3333
Azerbaijan,2022,154,9,40.1000,46.0000
Azerbaijan,2023,22,8,39.7594,46.7091
Bahrain,2011,26,24,26.2361,50.5831
Bangladesh,2000,81,6,21.2671,92.2150
Bangladesh,1989,81,20,22.9676,92.1341
Bangladesh,1990,94,27,22.9167,91.5000
Bangladesh,1991,107,36,21.4500,91.9833
Bangladesh,1992,225,29,22.6333,92.2000
Bangladesh,1993,43,18,22.6333,92.2000
Bangladesh,1994,32,6,23.1695,91.9532
Bangladesh,1995,14,13,22.4912,92.3382
Bangladesh,1996,46,23,22.9167,91.5000
Bangladesh,1997,16,11,22.9167,91.5000
Bangladesh,2002,7,5,22.8300,92.0100
Bangladesh,2020,5,5,22.5316,92.2364
Bangladesh,2022,10,6,21.8132,92.3681
Bangladesh,2005,69,62,22.2697,89.3270
Bangladesh,2006,96,74,22.3816,89.1368
Bangladesh,2008,13,11,26.4875,88.4228
Bangladesh,1998,21,11,20.6306,92.3680
Bangladesh,1999,14,19,20.6306,92.3680
Bangladesh,2015,10,8,23.7231,90.4086
Bangladesh,2016,25,13,23.5000,89.1667
Bangladesh,2017,48,23,22.7500,91.1667
Bangladesh,2003,8,15,22.9167,91.5000
Bangladesh,2001,72,29,22.9167,91.5000
Bangladesh,2009,10,9,24.1960,91.5194
Bangladesh,2013,54,38,21.5839,92.0153
Bangladesh,2004,75,38,24.5586,88.8019
Bangladesh,2010,5,8,23.7231,90.4086
Bangladesh,2018,23,18,23.5512,90.4080
Bangladesh,2011,0,1,24.0000,90.0000
Bangladesh,2012,2,2,23.7231,90.4086
Bangladesh,2014,2,2,25.9172,89.4459
Bangladesh,2021,2,3,24.3333,89.6167
Bangladesh,2023,12,11,23.7231,90.4086
Bangladesh,2007,18,13,24.0766,89.6169
Bangladesh,2019,2,2,23.7231,90.4086
Belgium,2016,34,3,50.8333,4.3333
Belgium,2023,2,1,50.8333,4.3333
Benin,2019,1,1,11.0500,1.5167
Benin,2023,42,19,11.3397,2.4592
Benin,2021,9,5,10.6225,1.2648
Benin,2022,29,7,11.0500,1.5167
Bhutan,1997,4,1,26.8352,91.2536
Bhutan,2004,0,1,26.8500,90.5000
Bolivia,1998,2,1,-18.9000,-66.7667
Bolivia,2000,50,9,-19.0700,-66.0800
Bolivia,2021,1,1,-11.0344,-68.7749
Bolivia,2023,1,1,-11.0344,-68.7749
Bosnia-Herzegovina,1992,24899,3665,44.0000,18.0000
Bosnia-Herzegovina,1993,13782,2826,44.0000,18.0000
Bosnia-Herzegovina,1994,7114,1804,44.0000,18.0000
Bosnia-Herzegovina,1995,11763,867,44.0000,18.0000
Botswana,1990,1,1,-24.6374,26.4050
Brazil,1993,43,5,-22.9028,-43.2075
Brazil,1994,32,7,-22.9028,-43.2075
Brazil,1995,51,8,-22.9028,-43.2075
Brazil,1996,20,3,-5.3686,-49.1178
Brazil,1997,40,13,-23.5475,-46.6361
Brazil,1999,62,15,-24.0013,-46.4912
Brazil,2002,62,19,-1.4558,-48.5044
Brazil,2005,60,18,-16.6786,-49.2539
Brazil,2007,40,9,-22.9028,-43.2075
Brazil,2008,20,5,-22.9028,-43.2075
Brazil,2018,2507,214,-7.0744,-40.3761
Brazil,2019,1676,586,-12.9711,-38.5108
Brazil,2020,2665,741,-9.3986,-40.5008
Brazil,2021,2586,785,-13.1210,-41.8909
Brazil,2022,1650,1484,-13.1210,-41.8909
Brazil,2023,2434,2121,-12.9711,-38.5108
Brazil,2000,50,17,-22.9028,-43.2075
Brazil,2016,71,23,-22.8039,-43.3722
Brazil,2017,2897,154,-9.9747,-67.8100
Brazil,1998,14,4,-22.9028,-43.2075
Brazil,2001,74,10,-22.9028,-43.2075
Brazil,2003,43,7,-22.9028,-43.2075
Brazil,2004,86,12,-22.9028,-43.2075
Brazil,2006,23,4,-22.9028,-43.2075
Brazil,2012,16,6,-22.9028,-43.2075
Brazil,2009,40,3,-22.9028,-43.2075
Brazil,2010,4,2,-22.9028,-43.2075
Brazil,2011,34,4,-22.9028,-43.2075
Brazil,2013,28,10,-22.9028,-43.2075
Brazil,2014,4,4,-22.9028,-43.2075
Brazil,2015,60,15,-3.1019,-60.0250
,2023-03-08,0,1,0.0000,0.0000
Burkina Faso,2017,53,24,14.6667,-0.3333
Burkina Faso,2018,163,57,14.3296,-1.4363
Burkina Faso,2019,1178,207,14.5615,-0.0725
Burkina Faso,2020,938,146,13.2814,-0.9287
Burkina Faso,2021,923,154,13.9613,-0.4538
Burkina Faso,2022,1923,196,14.0084,0.3259
Burkina Faso,2023,5156,514,14.3415,0.0879
Burkina Faso,2016,26,2,12.3703,-1.5247
,2018-08-28,0,1,0.0000,0.0000
Burundi,1991,331,18,-3.3822,29.3644
Burundi,1992,61,3,-2.9667,29.1931
Burundi,1994,897,46,-3.5000,30.0000
Burundi,1995,2828,124,-3.3822,29.3644
Burundi,1996,16549,171,-3.9722,29.4389
,1997,0,85,0.0000,0.0000
Burundi,1997,3294,184,-3.0000,29.5000
Burundi,1998,1689,116,-3.3220,29.3208
Burundi,2000,2111,241,-3.9630,29.4198
Burundi,2003,1213,198,-3.2500,29.6667
Burundi,1990,7,1,-4.2739,29.7775
Burundi,1993,9532,399,-4.1667,29.7528
Burundi,1999,1809,194,-3.4815,29.3609
,1999,0,102,0.0000,0.0000
Burundi,2001,1547,166,-3.3181,29.3654
Burundi,2002,1914,232,-3.3573,29.4258
Burundi,2004,694,86,-3.4933,29.4832
Burundi,2005,475,114,-3.4673,29.4770
, 2006 (AFP) -,0,7,0.0000,0.0000
Burundi,2006,33,19,-3.3222,29.2442
, 2007 (AFP) -,0,1,0.0000,0.0000
Burundi,2008,117,28,-3.3822,29.3644
Burundi,2011,4,5,-3.2681,29.6181
,1991,0,35,0.0000,0.0000
Burundi,2007,45,14,-3.3822,29.3644
Burundi,2009,0,3,-3.5000,30.0000
Burundi,2012,11,4,-3.3822,29.3644
Burundi,2013,16,7,-3.2520,29.9470
Burundi,2015,123,37,-3.3822,29.3644
Burundi,2016,91,73,-2.8750,29.9250
Burundi,2017,27,33,-3.5000,30.0000
Burundi,2018,114,57,-3.0764,29.7564
Burundi,2019,54,47,-3.0812,29.6570
Burundi,2020,143,76,-3.1167,29.4000
Burundi,2021,68,44,-3.7639,29.4748
Burundi,2022,37,40,-3.4559,29.4207
Burundi,2023,110,28,-2.8095,29.0820
, 2005.,0,1,2.0000,NaN
Burundi,2014,44,6,-3.2662,29.2993
Cambodia (Kampuchea),1997,444,50,14.2494,103.0369
Cambodia (Kampuchea),1998,274,35,11.6358,102.7186
Cambodia (Kampuchea),2008,2,1,14.3909,104.6806
Cambodia (Kampuchea),2009,2,1,14.3909,104.6806
Cambodia (Kampuchea),1989,814,43,12.8489,102.6093
Cambodia (Kampuchea),1990,377,25,12.9167,103.0833
Cambodia (Kampuchea),1991,322,18,12.9167,103.0833
Cambodia (Kampuchea),1992,193,17,12.8333,105.0000
Cambodia (Kampuchea),1993,484,82,13.3618,103.8606
Cambodia (Kampuchea),1994,572,73,12.8333,105.0000
Cambodia (Kampuchea),1995,723,100,13.0000,105.0000
Cambodia (Kampuchea),1996,846,89,13.0000,105.0000
Cambodia (Kampuchea),1999,0,1,10.6359,103.5017
Cambodia (Kampuchea),2000,4,4,12.0833,105.5833
Cambodia (Kampuchea),2003,1,1,11.5625,104.9160
Cambodia (Kampuchea),2007,2,1,13.7500,105.0000
Cameroon,2014,1047,51,12.0769,15.0306
Cameroon,1994,102,7,4.6334,8.5893
Cameroon,1996,56,3,4.5833,8.6000
Cameroon,1998,52,4,4.5833,8.6000
Cameroon,2005,0,3,4.5833,8.6000
Cameroon,1990,6,1,5.9527,10.1582
Cameroon,1992,25,3,6.4000,10.7667
Cameroon,1993,47,5,5.9527,10.1582
Cameroon,2000,2,4,4.0469,9.7084
Cameroon,2001,0,2,4.0469,9.7084
Cameroon,2004,0,1,6.0000,12.0000
Cameroon,2008,0,1,4.5663,8.5948
Cameroon,2009,0,1,4.5663,8.5948
Cameroon,2015,1233,61,11.0051,13.8014
Cameroon,2016,491,97,5.9597,10.1460
Cameroon,2017,369,132,5.2000,9.3000
Cameroon,2018,900,231,4.5497,9.2541
Cameroon,2019,772,222,6.2000,10.6667
Cameroon,2020,642,230,5.1181,9.6775
Cameroon,2021,587,216,4.1161,9.2125
Cameroon,2022,538,193,5.9884,10.4386
Cameroon,2023,617,287,4.5832,9.3061
Cameroon,1991,50,1,6.5167,14.3000
Canada,1994,3,3,45.7333,-73.4667
Canada,1995,24,9,54.0000,-72.0000
Canada,1996,2,1,45.5000,-73.5833
Canada,1997,2,1,45.2500,-74.1333
Canada,1998,27,9,54.0000,-72.0000
Canada,1999,11,3,54.0000,-72.0000
Canada,2000,23,8,54.0000,-72.0000
Canada,2001,1,1,45.5000,-73.5833
Central African Republic,2009,223,60,5.3998,26.4869
Central African Republic,2010,148,43,5.3998,26.4869
Central African Republic,2011,184,20,4.6696,22.7475
Central African Republic,2012,127,30,4.6696,22.7475
Central African Republic,2013,3247,180,9.6592,22.4607
Central African Republic,2015,524,123,6.0000,26.0000
Central African Republic,2017,1080,193,5.2500,25.2500
Central African Republic,2001,216,21,4.3667,18.5833
Central African Republic,2002,147,12,4.3667,18.5833
Central African Republic,2003,19,5,4.3667,18.5833
Central African Republic,2006,158,40,10.1372,22.7884
Central African Republic,2007,82,21,7.0000,21.0000
Central African Republic,1991,0,1,4.3667,18.5833
Central African Republic,1992,3,1,4.3667,18.5833
Central African Republic,1993,4,3,4.3667,18.5833
Central African Republic,1999,5,1,4.3667,18.5833
Central African Republic,2000,6,1,7.0000,21.0000
Central African Republic,2004,23,3,4.3667,18.5833
Central African Republic,2005,8,6,4.3667,18.5833
Central African Republic,2008,8,5,7.2833,15.7667
Central African Republic,2014,2897,430,4.3667,18.5833
Central African Republic,2016,404,52,4.3667,18.5833
Central African Republic,2019,494,62,4.2853,17.4047
Central African Republic,2020,288,54,5.3998,26.4869
Central African Republic,2021,959,160,4.3667,18.5833
Central African Republic,2022,676,102,6.3172,16.3783
Central African Republic,2023,373,82,4.7727,16.7051
Central African Republic,2018,340,67,4.6696,22.7475
,2019-06-17,0,1,0.0000,0.0000
,2023-03-19,0,1,0.0000,0.0000
Chad,1989,50,3,15.1052,22.9388
Chad,1990,686,19,14.5333,20.9167
Chad,1991,95,6,15.0000,19.0000
Chad,1992,1190,31,13.4586,14.7147
Chad,1993,313,15,13.5000,14.5000
Chad,1994,521,17,13.5000,14.5000
Chad,1995,53,17,13.5000,14.5000
Chad,1997,134,8,13.5000,14.5000
Chad,2000,1070,14,7.9167,16.6333
Chad,1998,198,9,8.7500,16.0000
Chad,1999,394,12,20.4583,16.5278
Chad,2001,230,6,21.3583,17.0006
Chad,2002,297,9,19.1692,20.4611
Chad,2003,37,4,18.1667,22.1667
Chad,2005,267,8,13.4667,22.2000
Chad,2006,1956,62,11.1694,22.9534
Chad,2007,431,19,14.4667,21.9167
Chad,2008,993,14,12.1085,15.0482
Chad,2009,135,12,14.2167,22.4167
Chad,2010,4,1,10.9469,22.8437
Chad,2015,397,29,13.4741,14.7053
Chad,2004,80,10,15.0167,22.7833
Chad,1996,4,3,12.1085,15.0482
Chad,2016,26,7,12.1085,15.0482
Chad,2021,667,12,12.1085,15.0482
Chad,2022,96,10,13.8292,20.8324
Chad,2019,251,21,13.3895,15.5037
Chad,2020,201,24,13.9645,13.6965
Chad,2014,16,3,13.4741,14.7053
Chad,2018,72,10,14.4131,13.6128
Chad,2023,112,11,13.3770,14.5309
Chad,2017,70,4,13.3770,14.5309
China,2023,1,1,24.7356,97.5584
China,2009,189,5,24.1149,98.5534
China,2015,5,1,23.8800,100.0800
China,1989,2600,3,29.6500,91.1000
China,1997,4,2,43.8811,81.2458
China,2005,12,2,29.5628,106.5528
China,2008,87,16,30.6500,113.1000
China,1990,22,3,39.6681,76.1716
China,1999,0,3,44.0167,87.3167
China,2007,0,1,39.6681,76.1716
China,2017,6,2,37.1127,79.9290
Colombia,1989,384,53,4.0000,-72.0000
Colombia,1990,711,99,7.0000,-75.5000
Colombia,1991,872,128,4.0000,-72.0000
Colombia,1992,1500,103,4.0000,-72.0000
Colombia,1993,302,47,8.0829,-72.8007
Colombia,1994,1175,69,4.0000,-72.0000
Colombia,1995,943,77,4.0000,-72.0000
Colombia,1996,1401,150,4.0000,-72.0000
Colombia,1997,891,181,3.1500,-75.8167
Colombia,1998,1646,145,4.7049,-73.5421
Colombia,1999,2093,206,4.0000,-72.0000
Colombia,2000,2065,341,0.8302,-77.6496
Colombia,2001,1949,272,7.1042,-77.7620
Colombia,2002,2851,521,2.5000,-76.8333
Colombia,2003,1280,336,5.3592,-74.3905
Colombia,2004,1600,603,0.6682,-76.9347
Colombia,2005,1711,535,1.0208,-71.3379
Colombia,2006,588,119,2.9041,-73.5321
Colombia,2007,350,98,6.3983,-71.7839
Colombia,2008,251,75,8.0410,-72.8654
Colombia,2009,371,72,2.5000,-76.8333
Colombia,2010,426,85,3.5000,-73.0000
Colombia,2011,227,60,4.4455,-69.7990
Colombia,2012,216,35,4.0000,-72.0000
Colombia,2013,140,22,4.0000,-72.0000
Colombia,2014,149,47,6.0000,-77.0000
Colombia,2015,142,32,6.5383,-76.8768
Colombia,2016,84,101,1.7500,-75.5833
Colombia,2020,171,125,2.2667,-77.2500
Colombia,2017,103,153,4.6492,-74.0628
Colombia,2018,237,166,6.6667,-71.0000
Colombia,2019,169,98,4.0000,-72.0000
,2019-01-18,0,1,0.0000,0.0000
Colombia,2021,261,152,7.1667,-75.0833
Colombia,2022,292,138,6.6667,-71.0000
Colombia,2023,361,249,4.9877,-76.8053
Comoros,1989,29,2,-11.7042,43.2403
Comoros,1997,56,2,-12.2500,44.4167
Comoros,1998,40,3,-12.1628,44.3964
Congo,2008,1,1,-3.6625,14.5147
Congo,1993,135,10,-4.2592,15.2847
Congo,1994,18,8,-4.2592,15.2847
Congo,1998,3763,54,-4.2289,15.1311
Congo,1995,2,1,-4.2592,15.2847
Congo,1997,10412,57,-4.2592,15.2847
Congo,1999,948,48,-2.9655,12.7279
Congo,2001,3,1,-4.2683,14.3839
Congo,2002,234,24,-2.9486,14.6583
Congo,2003,33,6,-4.2664,14.0889
Congo,2005,15,5,-4.2592,15.2847
Congo,2007,2,1,-4.2592,15.2847
Congo,2016,55,6,-4.2592,15.2847
Congo,2017,20,3,-3.9919,14.8306
Congo,1992,2,1,-4.2592,15.2847
Congo,1996,1,2,-4.1656,13.2928
Congo,2019,0,2,-4.7833,11.9000
Congo,2011,1,1,-4.7833,11.9000
Congo,2012,2,2,-4.7947,11.8461
Congo,2015,0,1,-4.7947,11.8461
Congo,2020,0,1,-4.9659,12.0732
Congo,2022,3,2,-4.9286,12.0867
Croatia,1992,142,33,45.1603,18.0156
Croatia,1993,373,55,45.1597,15.7394
Croatia,1995,963,69,44.0633,16.3847
Djibouti,1989,6,1,11.4611,43.2528
Djibouti,1990,60,1,11.4611,43.2528
Djibouti,1991,106,7,11.8514,42.6692
Djibouti,1992,129,11,11.7853,42.8844
Djibouti,1993,33,12,12.2500,43.0833
Djibouti,1994,39,5,11.5000,42.5000
Djibouti,1995,18,4,12.0000,42.5000
Djibouti,1997,11,1,12.2500,43.0833
Djibouti,1998,16,2,11.5000,42.5000
Djibouti,1999,25,8,12.2500,43.0833
Djibouti,2008,35,2,12.7125,43.1367
Djibouti,2014,1,1,11.5950,43.1481
Djibouti,1996,0,2,11.1558,42.7125
Djibouti,2021,3,1,11.5950,43.1481
DR Congo (Zaire),1996,25130,154,-1.3211,29.3728
DR Congo (Zaire),1997,7557,86,0.5000,25.2000
DR Congo (Zaire),1998,4521,67,3.3333,20.8333
DR Congo (Zaire),1999,7088,141,2.1500,21.5167
DR Congo (Zaire),2000,2109,98,1.4225,18.3959
DR Congo (Zaire),2001,1366,55,1.2333,19.8000
DR Congo (Zaire),2006,340,59,-1.3342,29.5135
, 17238A17238C doi:10.1111/j.1467-825X.2007.01269.x,0,1,0.0000,0.0000
DR Congo (Zaire),2007,308,90,-1.3973,28.8625
DR Congo (Zaire),2008,867,63,-1.1575,29.5228
DR Congo (Zaire),2002,5521,118,-4.1674,29.2299
DR Congo (Zaire),2009,2834,147,3.7512,29.5185
DR Congo (Zaire),2010,724,75,3.7000,27.8667
DR Congo (Zaire),2011,309,118,3.7350,29.7100
DR Congo (Zaire),2012,793,79,3.6173,29.2676
DR Congo (Zaire),2013,2119,157,3.6167,28.5667
DR Congo (Zaire),2014,1415,114,4.4000,25.7833
DR Congo (Zaire),2015,699,116,3.4667,29.3333
DR Congo (Zaire),2016,1795,189,3.6173,29.2676
DR Congo (Zaire),2017,4742,437,4.1956,29.4809
DR Congo (Zaire),2018,1586,371,4.1833,27.0667
DR Congo (Zaire),2019,1855,352,3.7000,27.8667
DR Congo (Zaire),2021,2723,685,0.6786,29.6242
DR Congo (Zaire),1994,155,13,-5.9167,12.4500
DR Congo (Zaire),2020,3040,729,-5.8500,13.0500
DR Congo (Zaire),1989,27,2,-4.3297,15.3150
DR Congo (Zaire),1990,11,3,-4.3297,15.3150
DR Congo (Zaire),1991,14,4,-6.1500,23.6000
DR Congo (Zaire),1992,54,10,-4.3297,15.3150
DR Congo (Zaire),1993,320,18,-4.3297,15.3150
DR Congo (Zaire),1995,81,8,-9.0000,26.0000
DR Congo (Zaire),2004,425,23,-2.5083,28.8608
DR Congo (Zaire),2005,228,16,0.0667,18.2667
DR Congo (Zaire),2022,4569,1061,-1.5759,29.0711
DR Congo (Zaire),2023,2579,687,0.1500,29.2833
DR Congo (Zaire),2003,3366,74,-1.2000,28.8000
, 2011 (30 May– 5 June,0,2,0.0000,0.0000
Ecuador,2008,25,1,0.1000,-76.8667
Ecuador,1995,11,4,-3.4722,-78.2148
Ecuador,2022,71,8,-1.0704,-80.5507
Ecuador,2001,2,1,-2.0000,-77.5000
Ecuador,2021,291,8,-2.1962,-79.8862
Ecuador,2023,34,3,-2.1962,-79.8862
Ecuador,2019,2,1,0.1000,-76.8667
Egypt,2010,1,1,31.2476,34.2574
Egypt,1992,13,5,27.5586,30.8078
Egypt,1993,108,43,30.0500,31.2500
Egypt,1994,162,76,27.1810,31.1837
Egypt,1995,233,118,27.7319,30.8411
Egypt,1996,149,75,27.7319,30.8411
Egypt,1997,143,34,28.6733,30.7208
Egypt,1998,29,10,27.7319,30.8411
Egypt,1999,4,2,27.3333,30.8333
Egypt,2000,5,4,24.0875,32.8989
Egypt,1990,4,2,27.1810,31.1837
Egypt,2005,124,4,31.5544,31.0903
Egypt,2013,135,46,30.0500,31.2500
Egypt,2018,652,81,31.2878,34.2381
Egypt,2020,545,122,25.6808,32.6308
Egypt,2023,6,4,30.0947,31.6300
Egypt,2015,991,60,30.5000,33.7000
Egypt,2016,404,40,31.1287,33.7971
Egypt,2017,754,97,31.1287,33.7971
Egypt,2019,608,111,31.0679,33.4916
Egypt,2021,121,63,31.0468,32.9061
Egypt,2022,236,68,31.0189,33.0098
Egypt,2004,35,3,29.4919,34.8914
Egypt,2006,2,2,25.5835,32.4958
Egypt,2008,2,2,27.8463,30.6973
Egypt,2009,1,2,30.8055,31.3265
Egypt,2011,3,2,29.4075,31.2525
Egypt,2014,249,45,30.1529,31.3150
Egypt,2012,75,2,31.2565,32.2841
El Salvador,1989,4922,56,13.8333,-88.9167
El Salvador,1990,849,46,14.0500,-88.8500
El Salvador,1991,88,10,13.5500,-88.3500
El Salvador,1992,4,1,13.8333,-88.9167
El Salvador,2019,1,1,13.7189,-89.7242
El Salvador,2021,1,1,13.4833,-88.1833
El Salvador,2022,88,68,14.0086,-89.6853
El Salvador,2004,34,1,13.7568,-89.1902
Eritrea,2022,4,4,14.7275,37.8031
Eritrea,1993,21,1,15.4494,36.6478
Eritrea,1996,14,2,15.1139,37.5928
Eritrea,1997,31,9,15.0000,39.0000
Eritrea,1999,17203,13,15.0000,39.0000
Eritrea,2003,52,8,15.1817,37.0747
Eritrea,1998,792,3,14.7275,37.8031
Eritrea,2000,1793,10,14.7275,37.8031
Eritrea,2008,0,1,14.7000,40.9000
Ethiopia,2020,20146,122,13.5000,39.5000
Ethiopia,2021,120262,454,13.2179,39.0279
Ethiopia,2022,162693,616,13.3658,37.9893
Ethiopia,1989,25385,72,13.4967,39.4753
Ethiopia,1990,49356,109,11.3167,39.2500
Ethiopia,1991,12440,44,11.1333,39.6333
Ethiopia,1993,133,13,7.6667,42.8333
Ethiopia,1994,76,5,5.9542,43.5543
Ethiopia,1996,65,5,9.0250,38.7469
Ethiopia,1999,30786,42,7.0000,44.0000
Ethiopia,1995,1043,9,6.7400,44.2781
Ethiopia,1998,1027,21,7.6839,43.9980
Ethiopia,2000,48666,77,7.0000,44.0000
Ethiopia,2001,388,52,7.0000,44.0000
Ethiopia,2002,809,124,7.0000,44.0000
Ethiopia,2003,1093,69,6.7830,44.5706
Ethiopia,2004,475,126,7.0000,44.0000
Ethiopia,2005,290,90,7.6052,44.7781
Ethiopia,2006,430,102,7.0000,44.0000
Ethiopia,2007,426,144,7.5608,42.9640
Ethiopia,2008,278,82,7.0000,44.0000
Ethiopia,2009,590,87,6.5061,43.4922
Ethiopia,2010,152,98,7.0634,45.4131
Ethiopia,2011,66,92,7.0000,44.0000
Ethiopia,2012,385,89,7.0000,44.0000
Ethiopia,2013,88,53,7.2700,45.1900
Ethiopia,2014,39,26,7.0000,44.0000
Ethiopia,2015,307,97,7.0000,44.0000
Ethiopia,2016,379,146,7.0000,44.0000
Ethiopia,2017,427,35,7.5833,42.3333
Ethiopia,2018,428,37,8.2206,43.5572
Ethiopia,2023,1658,513,4.1775,42.0578
Ethiopia,1992,1026,16,9.3167,34.5833
Ethiopia,1997,12,4,9.2482,38.1054
,2018-03-11,0,1,0.0000,0.0000
Ethiopia,2019,229,43,8.8518,34.3925
, 2022; Incident I01123,0,1,NaN,2.0000
France,1992,0,1,48.8667,2.3333
France,2015,133,2,48.8667,2.3333
,2018-05-14,0,2,0.0000,0.0000
France,2018,2,2,48.5733,7.7523
France,2007,2,1,43.6422,-1.4282
France,1996,0,1,48.8667,2.3333
France,2016,87,2,43.7136,7.2595
,2018-12-12,0,1,0.0000,0.0000
France,2023,48,42,48.8667,2.3333
France,2012,4,1,43.5995,1.4332
Gambia,1996,0,1,13.5000,-15.5000
Gambia,2005,0,1,13.5000,-15.5000
Gambia,2012,1,1,13.2741,-16.6422
Georgia,1991,52,6,41.7167,44.7833
Georgia,1992,775,96,41.7167,44.7833
Georgia,1993,1795,112,42.2689,42.0792
Georgia,2010,3,4,42.5782,41.8158
Georgia,2011,0,1,43.0000,41.5000
Georgia,2004,27,13,42.3333,44.0000
Georgia,2008,621,12,41.3298,44.2073
Georgia,2002,0,2,42.2482,45.4463
Georgia,2023,1,1,42.1146,44.2430
Georgia,1995,52,3,42.6667,41.7500
Georgia,1998,38,3,42.5842,41.5944
Georgia,1997,26,5,42.8797,41.1442
Germany,1992,4,1,51.0000,9.0000
Germany,1989,3,2,52.3705,9.7332
Germany,1990,1,1,51.5149,7.4660
Germany,2016,12,1,52.5167,13.4000
Ghana,2002,36,1,9.4333,-0.0167
Ghana,2000,30,1,11.0581,-0.2417
Ghana,2001,50,1,11.0581,-0.2417
Ghana,2008,55,10,11.0581,-0.2417
Ghana,2009,8,2,11.0333,-0.0500
Ghana,2010,1,1,11.0581,-0.2417
Ghana,2022,8,3,11.0581,-0.2417
Ghana,2023,15,8,10.3487,-0.7987
Ghana,1991,30,2,8.4667,-0.0167
Ghana,1992,63,2,8.5500,-0.5000
Ghana,1993,2,1,8.7667,0.0667
Ghana,1994,2004,9,8.7667,0.0667
Ghana,1995,155,8,9.5000,-1.0000
Guatemala,1989,455,55,15.2833,-91.7833
Guatemala,1990,635,74,14.9333,-91.9167
Guatemala,1991,394,51,14.6301,-91.6026
Guatemala,1992,368,52,14.7333,-91.6333
Guatemala,1993,210,44,15.5000,-90.2500
Guatemala,1994,267,23,15.5614,-91.1733
Guatemala,1995,120,25,14.1667,-91.0000
Guatemala,1996,13,6,15.5000,-90.2500
Guatemala,1998,1,1,14.6133,-90.5353
Guatemala,2000,0,1,14.7500,-91.1333
Guatemala,2002,2,2,15.8721,-89.2216
Guatemala,2004,1,2,14.3000,-91.9167
Guatemala,2005,58,5,15.4167,-91.7167
Guatemala,2007,5,1,14.6667,-90.5000
Guatemala,2011,27,2,16.8333,-90.0000
Guatemala,2001,5,1,14.6133,-90.5353
Guatemala,2008,41,5,14.6133,-90.5353
Guatemala,2009,1,1,14.6133,-90.5353
Guatemala,2015,3,2,14.6133,-90.5353
Guatemala,2022,12,2,16.4625,-89.4259
Guinea,2000,256,26,8.3567,-9.3836
Guinea,2001,430,4,8.5719,-10.1492
Guinea,2005,3,1,10.9000,-13.0333
Guinea,2006,15,6,9.5092,-13.7122
Guinea,2007,45,21,9.5092,-13.7122
Guinea,2009,160,3,9.5092,-13.7122
Guinea,2010,1,1,10.6917,-12.2500
Guinea,2012,9,4,9.5167,-13.7000
Guinea,2015,3,1,9.5092,-13.7122
Guinea,2019,1,1,9.5092,-13.7122
Guinea,1998,12,3,9.4000,-10.7667
Guinea,1999,13,2,9.4333,-13.0833
Guinea,1996,27,1,8.5625,-10.1325
Guinea,1994,0,1,9.5167,-13.7000
Guinea,2020,49,3,7.9031,-9.3594
Guinea,2021,1,1,7.7500,-8.8167
Guinea,2013,98,3,8.2083,-9.0694
Guinea-Bissau,1992,2,1,12.4019,-16.2006
Guinea-Bissau,2000,0,2,12.6561,-15.0003
Guinea-Bissau,1998,505,16,11.8500,-15.5833
Guinea-Bissau,1999,199,3,11.8500,-15.5833
Guyana,2008,29,3,6.7929,-58.0446
Haiti,1989,48,4,18.5392,-72.3350
Haiti,1991,270,8,18.5392,-72.3350
Haiti,2004,220,20,18.5392,-72.3350
Haiti,1990,2,2,19.1000,-72.3000
Haiti,1993,37,3,19.0000,-72.4167
Haiti,1994,44,4,19.0000,-72.4167
Haiti,1995,1,1,18.5392,-72.3350
Haiti,1999,11,2,18.5392,-72.3350
Haiti,2005,40,7,18.5392,-72.3350
Haiti,2017,8,1,18.5392,-72.3350
Haiti,2018,71,1,18.5779,-72.3319
Haiti,2019,1,1,18.8346,-72.1048
Haiti,2020,165,47,18.5392,-72.3350
Haiti,2021,128,21,19.9349,-72.8309
Haiti,2022,147,61,18.5392,-72.3350
Haiti,2023,339,35,18.5392,-72.3350
Honduras,2003,47,8,15.5042,-88.0250
Honduras,2004,29,3,14.1000,-87.2167
Honduras,2015,3,1,15.5042,-88.0250
Honduras,2019,22,2,15.5042,-88.0250
Honduras,2021,6,2,15.7476,-86.8953
Honduras,2022,5,2,14.1000,-87.2167
Honduras,2010,44,5,14.1000,-87.2167
Honduras,1999,9,1,15.5042,-88.0250
Honduras,2000,6,1,15.6144,-87.9530
Honduras,2002,1,1,14.1000,-87.2167
Honduras,2011,18,1,14.1500,-87.3333
Honduras,2012,18,4,15.5042,-88.0250
Honduras,2014,21,3,15.5042,-88.0250
Honduras,2020,1,1,14.1500,-87.3333
Honduras,2023,47,2,14.1500,-87.3333
Honduras,2008,27,2,15.5042,-88.0250
Honduras,2009,3,2,14.1500,-87.3333
Honduras,2013,14,1,15.5042,-88.0250
India,1989,1732,118,32.5650,74.6760
India,1990,4769,330,32.5650,74.6760
India,1991,3724,221,33.9167,76.6667
India,1992,4163,240,32.5650,74.6760
India,1993,2321,330,33.0854,74.2348
India,1994,1304,239,34.0495,74.0748
India,1996,1331,176,32.5650,74.6760
India,1997,1429,275,34.5253,76.0455
India,1998,1584,380,34.5253,76.0455
India,1999,2098,488,34.0000,78.0000
India,2000,3283,1344,34.6367,74.7738
India,2001,1863,536,33.6104,74.1388
India,2002,2851,1015,33.0854,74.2348
India,2003,2370,903,34.3726,74.1673
India,2008,1686,675,33.9167,76.6667
India,2010,1369,742,33.7500,74.0100
India,2012,280,156,32.7872,74.5735
India,2013,382,237,32.5650,74.6760
India,2014,171,165,32.5650,74.6760
India,2015,619,319,32.5752,75.1093
India,2016,495,309,33.5952,74.0976
India,2017,837,392,33.7036,74.0817
India,2018,861,442,32.4074,75.1718
India,2019,636,327,33.0537,74.4574
India,2020,698,359,33.7797,74.0506
India,2021,480,257,33.0638,74.2151
India,2023,352,186,32.4700,74.9000
India,2004,2328,934,24.3463,83.6810
India,1995,1061,222,27.2500,80.7500
India,2005,1828,882,15.8333,79.7500
India,2006,1854,920,20.0464,80.4500
India,2007,1772,725,20.0000,77.0000
India,2009,1434,791,22.4283,84.7061
India,2011,768,405,20.8204,86.4536
,2013 India Timeline,0,2,NaN,NaN
India,2022,375,253,22.5091,85.4600
,2013 India Timeline;UNI (United News of India),0,1,0.0000,0.0000
,2023-02-17,0,1,0.0000,0.0000
,2023-08-03,0,1,0.0000,0.0000
,2013-09-26,0,1,0.0000,0.0000
Indonesia,1989,7,5,-5.0000,140.0000
Indonesia,1991,429,38,-5.0000,141.0000
Indonesia,1995,63,21,-4.0975,138.9511
Indonesia,1996,36,18,-4.5490,136.8888
Indonesia,1998,141,30,-5.0000,140.0000
Indonesia,2000,917,157,-5.0000,140.0000
Indonesia,2001,884,107,-5.0000,140.0000
Indonesia,2006,13,3,-2.5333,140.7167
Indonesia,2013,20,6,-3.7180,138.0850
Indonesia,2014,12,4,-4.0789,137.1583
Indonesia,2017,1,2,-4.0578,137.1134
Indonesia,2018,15,6,-4.0578,137.1134
Indonesia,2019,13,8,-4.2285,138.3959
Indonesia,2020,23,15,-4.0578,137.1134
Indonesia,2021,61,39,-4.0361,137.5496
Indonesia,2022,57,29,-1.3567,132.5956
Indonesia,2023,83,35,-5.0000,120.0000
Indonesia,1992,53,14,-9.0000,125.7833
Indonesia,1993,27,8,-8.5222,127.0000
Indonesia,1994,12,9,-8.5667,125.5667
Indonesia,1997,441,37,-8.8575,126.3647
Indonesia,1999,2298,336,-8.4900,126.3512
Indonesia,1990,198,45,5.5500,95.3167
Indonesia,2002,762,265,5.5500,95.3167
Indonesia,2003,1069,227,4.6167,97.6167
Indonesia,2004,1082,359,5.5500,95.3167
Indonesia,2005,242,33,5.0717,97.2114
Indonesia,2008,6,3,5.5500,95.3167
Indonesia,2007,2,1,-4.0839,137.1865
Indonesia,2011,9,4,-2.6631,140.7001
Indonesia,2015,4,3,-4.5490,136.8888
Iran,1990,31,14,36.1553,45.4789
Iran,1991,44,3,35.3144,46.9922
Iran,1993,153,17,34.1026,45.5089
Iran,1994,16,2,34.1026,45.5089
Iran,1995,17,3,32.0000,53.0000
Iran,1996,34,4,36.2464,46.2664
Iran,2016,59,24,36.1553,45.4789
Iran,2017,41,10,36.6944,45.1417
Iran,2018,56,14,36.6407,45.1214
Iran,2019,280,87,39.0667,44.3333
Iran,2020,246,26,35.9167,45.8333
Iran,2021,82,34,36.7616,45.8387
Iran,1992,2,1,34.6048,45.7651
Iran,1997,33,12,33.1222,46.1647
Iran,1998,13,5,33.3216,46.1164
Iran,1999,19,6,35.6961,51.4231
Iran,2000,41,21,33.6375,46.4228
Iran,2001,112,14,35.6961,51.4231
Iran,2005,29,13,35.5833,46.2500
Iran,2006,61,21,32.0000,53.0000
Iran,2007,72,20,38.5503,44.9522
Iran,2008,118,20,34.7500,46.6833
Iran,2009,203,30,34.7153,46.6533
Iran,2010,60,11,35.3113,46.9960
Iran,2011,177,8,35.7367,46.2748
Iran,2012,17,5,35.0433,46.3564
Iran,2013,11,4,36.1553,45.4789
Iran,2014,5,2,32.0000,53.0000
Iran,2015,25,8,35.5833,46.2500
Iran,2003,2,1,29.4924,60.8669
Iran,2023,35,11,35.1991,52.3876
Iran,2022,204,154,32.3785,48.4146
Iraq,1993,366,38,36.1854,45.1273
Iraq,1994,973,32,33.3406,44.4009
Iraq,1996,832,66,36.1926,44.0106
Iraq,2016,11954,716,36.6500,44.5300
Iraq,2018,1233,232,36.0829,44.6287
Iraq,2019,834,248,36.8447,44.8105
Iraq,2020,894,262,36.8031,44.6671
Iraq,2021,984,352,36.1926,44.0106
Iraq,2022,892,314,36.0829,44.6287
Iraq,1991,24486,95,31.9892,44.3291
Iraq,1992,832,47,32.0000,47.0000
Iraq,1995,1522,82,31.0155,47.4336
Iraq,2004,4366,344,31.8359,47.1440
Iraq,2003,8021,106,33.4206,43.3078
Iraq,2005,3521,505,33.3406,44.4009
Iraq,2006,4598,534,35.4681,44.3922
Iraq,2007,4489,451,33.6366,42.8277
Iraq,2008,2765,403,36.3350,43.1189
Iraq,2009,1720,355,35.4681,44.3922
Iraq,2011,1364,191,35.4681,44.3922
Iraq,2010,1856,366,33.6366,42.8277
Iraq,2012,1407,258,33.9786,44.9369
Iraq,2013,3986,500,33.0000,44.0000
Iraq,2014,16437,796,33.3558,43.7861
Iraq,2015,11303,687,34.9307,43.4931
Iraq,2017,11370,598,31.6880,44.4581
Iraq,2023,436,205,34.6158,43.6786
Iraq,1989,50,2,33.0000,44.0000
Iraq,1990,117,6,35.6667,45.5000
Iraq,1997,2308,71,33.3406,44.4009
Iraq,1998,96,17,33.8081,44.5334
Iraq,1999,308,18,31.8359,47.1440
Iraq,2000,193,11,33.3406,44.4009
Iraq,2001,56,14,32.7500,45.4167
Iraq,2002,110,5,36.5411,44.9961
Israel,1989,93,58,31.9026,35.1955
Israel,1992,72,55,31.3493,34.2934
Israel,1993,88,61,31.2854,34.2519
Israel,1994,116,52,31.5364,34.4945
Israel,1995,78,24,31.8692,35.0669
Israel,2001,356,179,31.5293,35.0938
Israel,2002,892,377,32.1897,34.9706
Israel,2003,468,152,32.2199,35.2636
Israel,2004,509,268,31.2970,34.2434
Israel,2005,214,117,32.4556,35.2603
Israel,2006,716,265,31.4175,34.3501
Israel,2008,738,156,31.5167,34.4500
Israel,2009,162,47,31.5167,34.4500
Israel,2010,75,42,31.5364,34.4945
Israel,2012,236,134,31.3402,34.3063
Israel,2014,2408,918,31.5353,34.5358
Israel,2017,25,8,31.7833,35.2167
Israel,2018,59,40,31.5272,34.4835
,2018-12-31,0,1,0.0000,0.0000
Israel,2021,255,94,31.2951,34.3330
Israel,2022,85,37,31.6940,35.1842
Israel,2023,22571,1135,31.2586,34.2824
Israel,1990,43,37,32.2199,35.2636
Israel,1991,47,37,32.2199,35.2636
Israel,2000,108,59,31.6927,35.1664
Israel,2007,538,239,31.9026,35.1955
Israel,2015,16,11,31.6940,35.1842
Israel,2016,11,10,31.5464,34.4951
Israel,2019,65,36,32.1060,35.1879
Israel,1996,132,25,31.5364,34.4945
Israel,1997,25,5,32.0000,35.2500
Israel,1998,6,4,31.5293,35.0938
Israel,1999,2,2,31.5086,34.9503
Israel,2011,89,46,31.5293,35.0938
Israel,2013,12,10,31.5167,34.4500
Israel,2020,6,3,31.3742,34.3994
,2021-05-16,0,2,0.0000,0.0000
,2021-05-31,0,1,0.0000,0.0000
,2021-11-21,0,1,0.0000,0.0000
,2018-12-14,0,1,0.0000,0.0000
Italy,1993,0,1,41.9000,12.5000
Ivory Coast,1990,9,2,4.3625,-7.5242
Ivory Coast,2002,1057,48,7.6833,-5.0331
Ivory Coast,2003,493,39,6.7381,-7.3431
Ivory Coast,2004,292,27,7.4894,-5.8792
Ivory Coast,2010,80,21,5.3411,-4.0281
Ivory Coast,2011,1191,154,7.1214,-8.1456
Ivory Coast,1991,0,1,5.3411,-4.0281
Ivory Coast,1998,0,1,5.3411,-4.0281
Ivory Coast,1999,0,2,5.3411,-4.0281
Ivory Coast,2000,132,6,7.6833,-5.0331
Ivory Coast,2005,153,21,5.3411,-4.0281
Ivory Coast,2006,6,3,5.3300,-3.9367
Ivory Coast,2007,1,1,5.3411,-4.0281
Ivory Coast,2008,4,4,8.0000,-5.0000
Ivory Coast,2009,1,1,4.7485,-6.6363
Ivory Coast,2012,7,4,6.7381,-7.3431
Ivory Coast,2013,4,2,5.4167,-4.0333
Ivory Coast,2020,3,1,5.6886,-4.5091
Ivory Coast,1993,1,1,6.5747,-8.4086
Ivory Coast,1994,4,1,7.3131,-8.0881
Ivory Coast,1995,37,2,4.4167,-7.3500
Ivory Coast,2016,49,2,5.2118,-3.7388
Ivory Coast,1996,5,2,5.1500,-7.3833
Ivory Coast,2001,2,1,6.5714,-8.0053
Jamaica,1989,1,1,18.2500,-77.5000
Jamaica,1994,5,1,18.0000,-76.8000
Jamaica,2001,116,20,18.0000,-76.8000
Jamaica,2002,22,7,17.9667,-76.8000
Jordan,1992,1,1,31.9500,35.9333
Jordan,2005,59,1,31.9500,35.9333
Jordan,2015,1,1,31.0000,36.0000
Jordan,2016,30,4,33.3099,38.6756
Kenya,2011,144,26,-1.2833,36.8167
Kenya,2007,200,52,3.9368,41.8584
Kenya,2012,307,70,-1.7173,41.3348
Kenya,2013,267,49,0.0521,40.3142
Kenya,2014,339,83,-1.2833,36.8167
Kenya,2015,379,41,-1.7698,41.0589
Kenya,2023,209,50,-1.8599,40.7162
Kenya,1999,229,8,3.5000,38.7500
Kenya,2001,192,18,3.5164,39.0692
Kenya,1989,63,3,4.2071,34.3638
Kenya,2008,783,117,-0.6333,34.5667
Kenya,1990,7,1,-1.2833,36.8167
Kenya,1992,159,26,-1.1667,36.8333
Kenya,1993,287,18,-0.2500,35.7333
Kenya,1994,34,13,-1.2833,36.8167
Kenya,1995,60,4,-0.6833,34.7667
Kenya,1996,170,9,-0.3333,35.9333
Kenya,1997,212,11,-1.2833,36.8167
Kenya,2000,254,16,-1.2833,36.8167
Kenya,2005,215,29,0.5000,36.0000
Kenya,2006,219,22,-1.2833,36.8167
Kenya,2009,170,25,-1.2833,36.8167
Kenya,2016,126,44,-0.1000,34.7500
Kenya,2017,190,94,-1.2833,36.8167
Kenya,2018,134,59,1.1517,35.5763
Kenya,2019,108,37,-0.6788,34.7764
Kenya,2020,107,50,-1.2833,36.8167
Kenya,2021,112,48,2.4603,40.5911
Kenya,2022,68,23,-2.1557,37.5902
, 2023;CS Kindiki Says 60 Al-Shabaab Militants Involved in Lamu Attack Killed,0,1,NaN,2.0000
Kenya,2002,45,5,-4.0500,39.6667
Kenya,1991,17,2,1.0167,35.0000
Kenya,1998,322,15,0.6667,36.0000
Kenya,2003,7,2,4.5333,35.9333
Kenya,2004,20,4,3.0000,35.5000
Kenya,2010,87,28,4.5333,35.9333
Kingdom of eSwatini (Swaziland),1989,2,2,-26.5500,31.0167
Kingdom of eSwatini (Swaziland),2019,1,2,-26.6786,31.0620
Kingdom of eSwatini (Swaziland),2021,2,3,-26.4311,31.7686
Kingdom of eSwatini (Swaziland),2022,2,2,-27.2530,31.7506
Kingdom of eSwatini (Swaziland),2023,2,1,-26.2941,30.9229
Kuwait,1990,1329,19,29.3375,47.6581
Kuwait,1991,460,19,29.3375,47.6581
Kuwait,1996,1,1,29.2047,48.7111
Kuwait,2015,26,1,29.3697,47.9783
Kyrgyzstan,1999,14,2,39.4924,71.7442
Kyrgyzstan,2000,174,17,39.6976,70.2553
Kyrgyzstan,2006,6,3,40.9333,73.0000
Kyrgyzstan,2022,54,31,40.1879,69.8333
Kyrgyzstan,2010,41,24,40.9333,73.0000
Kyrgyzstan,2015,1,1,39.8333,71.0000
Kyrgyzstan,2021,40,3,39.9494,70.5319
Laos,1989,30,1,15.4219,106.3840
Laos,1990,255,6,18.2608,104.2832
Laos,2000,7,2,15.1630,105.5096
Laos,1993,3,1,19.3633,103.4344
Laos,1997,2,1,19.3633,103.4344
Laos,1999,2,1,18.9000,103.5167
Laos,2002,4,2,19.4733,103.5632
Laos,2003,5,3,19.7947,103.2444
Laos,2004,4,3,18.2608,104.2832
Laos,2006,73,4,18.9129,102.4591
Lebanon,1989,1094,206,33.2234,35.4689
Lebanon,1990,1903,89,33.2833,35.7000
Lebanon,1991,68,29,33.2234,35.4689
Lebanon,1993,165,80,33.1200,35.4300
Lebanon,1994,144,59,33.1200,35.1342
Lebanon,1996,213,57,33.2182,35.4214
Lebanon,1992,132,54,33.7333,35.4500
Lebanon,1995,126,71,33.7627,35.4475
Lebanon,1997,99,60,33.7627,35.4475
Lebanon,2000,56,33,33.8244,36.0346
Lebanon,2001,4,3,33.2833,35.7000
Lebanon,2002,0,1,33.8719,35.5097
Lebanon,2006,747,151,33.7846,35.9932
Lebanon,1999,74,41,33.2234,35.4689
Lebanon,1998,85,51,33.2234,35.4689
Lebanon,2003,1,1,33.0907,35.4458
Lebanon,2005,3,3,33.2833,35.7000
Lebanon,2015,200,19,33.2833,35.7000
Lebanon,2023,100,32,33.1977,35.3553
Lebanon,2016,42,12,33.6667,35.8333
Lebanon,2011,4,2,33.8333,35.8333
Lebanon,2012,53,6,34.6333,36.3667
Lebanon,2008,38,5,33.7606,35.6611
Lebanon,2013,179,28,34.4367,35.8497
Lebanon,2014,231,41,34.4367,35.8497
Lebanon,2017,297,20,34.2073,36.5055
Lebanon,2018,2,1,34.4367,35.8497
Lebanon,2020,6,2,34.2661,35.7669
Lesotho,1998,54,4,-29.3167,27.4833
Liberia,2001,481,28,8.2786,-10.2806
Liberia,1989,45,6,6.9292,-8.3542
Liberia,1990,3729,138,6.3200,-8.5467
Liberia,2000,101,5,8.4219,-9.7478
Liberia,2002,2219,40,8.4219,-9.7478
Liberia,2003,3246,49,6.3106,-10.8047
Liberia,1993,2673,47,8.0639,-10.5033
Liberia,1997,13,3,6.5000,-9.5000
Liberia,1998,13,1,6.2214,-10.5378
Liberia,1999,70,3,8.4219,-9.7478
Liberia,2020,1,1,7.2335,-8.9857
Liberia,1991,578,19,5.6950,-8.4003
Liberia,1992,453,26,7.5794,-8.5378
Liberia,1994,4167,92,7.3133,-9.5144
Liberia,1995,2290,52,5.5636,-9.7200
Liberia,1996,3091,32,4.8333,-8.3333
Libya,2015,1557,156,32.7670,22.6367
Libya,2016,2333,182,32.7933,12.4885
Libya,2011,3192,189,31.7500,12.5000
Libya,2019,1296,124,32.8225,13.0754
Libya,2017,895,72,32.4061,14.8369
Libya,2018,593,110,28.7805,16.7488
Libya,2020,578,121,26.1339,14.7372
Libya,2012,378,19,31.4450,12.9831
Libya,2013,36,18,27.0377,14.4283
Libya,2014,1455,109,27.0377,14.4283
Libya,2021,10,6,25.0000,17.0000
Libya,2022,6,6,32.1177,20.1293
Libya,2008,6,1,24.1667,23.2696
Madagascar (Malagasy),2009,113,7,-18.9167,47.5167
Madagascar (Malagasy),2012,15,3,-24.0333,46.2167
Madagascar (Malagasy),2017,1,1,-15.0427,48.9314
Madagascar (Malagasy),2019,3,3,-23.3574,45.9366
Madagascar (Malagasy),2020,23,1,-22.8015,47.5983
Madagascar (Malagasy),2002,79,32,-18.9167,47.5167
Malaysia,2017,1,1,4.9016,118.3578
Malaysia,2013,70,14,4.5964,118.8646
Mali,1990,582,15,20.0000,-3.0000
Mali,1991,247,11,16.7705,-3.0056
Mali,1994,729,41,15.3177,0.7446
Mali,1995,4,4,14.7328,-6.1219
Mali,2007,39,8,19.9393,2.9750
Mali,2008,113,10,17.0000,-4.0000
Mali,2009,127,9,19.9393,2.9750
Mali,2005,12,1,20.1986,1.0114
Mali,2010,28,2,15.5081,-5.5056
Mali,1992,86,8,16.7705,-3.0056
Mali,1993,0,1,20.0000,-3.0000
Mali,2012,333,42,19.4614,0.8589
Mali,2013,881,83,14.5274,-4.0934
Mali,2016,181,50,14.2451,-4.2183
Mali,2017,409,104,15.1072,-2.5824
Mali,2018,1151,212,14.7414,-5.3282
Mali,2020,1331,209,14.2526,-5.9930
Mali,2021,895,174,13.5025,-3.7660
Mali,2022,2753,349,14.6432,-6.6909
Mali,2023,1615,265,14.1136,-3.9710
Mali,2019,1010,172,15.4024,1.2970
Mali,2011,23,4,21.0675,-3.1832
Mali,2014,291,30,16.7709,-4.0300
Mali,2015,256,55,14.8866,-5.2226
Mali,1997,22,1,17.0000,-4.0000
Mali,1999,59,4,17.3585,0.1501
Mali,2004,20,2,20.0000,-3.0000
Mali,2002,5,1,14.4583,-2.8261
Malta,1995,0,1,35.9122,14.5042
Mauritania,2008,12,1,22.5129,-11.8159
Mauritania,2010,1,1,16.6162,-7.2535
Mauritania,2011,13,6,18.0831,-15.9819
Mauritania,2023,2,1,18.0831,-15.9819
Mauritania,2007,4,1,17.0481,-13.9209
Mauritania,2009,1,1,18.0831,-15.9819
Mauritania,1989,128,15,20.0000,-12.0000
Mauritania,1990,29,6,20.0000,-12.0000
Mauritania,1992,0,1,20.9002,-17.0336
Mauritania,2012,1,1,19.6969,-14.4164
Mauritania,2020,0,1,16.1450,-13.7926
Mexico,1994,150,11,16.5000,-92.5000
Mexico,1995,19,4,16.7094,-91.7881
Mexico,1996,43,15,17.5100,-93.1159
Mexico,1997,58,6,19.6173,-99.0660
Mexico,1998,7,5,23.0000,-102.0000
Mexico,2010,6192,2080,28.3412,-100.8511
Mexico,2011,4790,336,24.9161,-98.0355
Mexico,2012,5877,243,27.4846,-99.5221
Mexico,2013,4515,190,26.3638,-100.8691
Mexico,2014,1811,36,22.7531,-102.5182
Mexico,2016,4135,127,19.2568,-96.2672
Mexico,2019,11788,961,23.7417,-99.1460
Mexico,2020,14926,1939,26.5622,-99.2286
Mexico,2021,16740,3661,26.9200,-99.4300
Mexico,1989,1,1,19.4285,-99.1277
Mexico,1990,4,3,24.7031,-107.3526
Mexico,1992,16,3,19.4285,-99.1277
Mexico,2002,27,3,23.0000,-102.0000
Mexico,2004,217,30,19.4285,-99.1277
Mexico,2007,1925,1397,25.0000,-107.5000
Mexico,2008,3844,325,19.7047,-103.4617
Mexico,2009,5409,557,16.7319,-92.5817
Mexico,2015,4203,184,27.3333,-102.0000
Mexico,2018,11709,545,19.3333,-96.6667
Mexico,2022,14004,2067,32.5027,-117.0037
Mexico,2023,13162,2235,27.4846,-99.5221
Mexico,2006,670,40,19.1667,-101.8333
Mexico,2017,9503,236,28.6333,-106.0833
,5425770.story 18 killed in Juarez clinic for addicts September 4,0,1,0.0000,0.0000
Mexico,2005,204,12,27.4846,-99.5221
Mexico,1993,7,1,20.5218,-103.3112
Moldova,1992,585,77,47.2667,29.1667
Morocco,1989,193,5,26.4000,-11.4667
Morocco,1991,19,2,26.0130,-12.0964
Morocco,2020,2,1,26.0130,-12.0964
Morocco,2021,3,3,28.1667,-9.4167
Morocco,2022,10,3,26.0130,-12.0964
Morocco,2023,5,2,26.7384,-11.6719
Morocco,2003,34,2,33.5900,-7.6100
Morocco,2011,17,1,31.6349,-7.9857
Mozambique,1989,1552,131,-25.5000,32.3333
Mozambique,1990,1759,44,-17.0000,37.0000
Mozambique,1991,1940,55,-18.2500,35.0000
Mozambique,1992,521,34,-24.5333,32.3667
Mozambique,2004,1,1,-18.4153,35.0225
Mozambique,2005,13,2,-11.3458,40.3522
Mozambique,2013,45,18,-20.5769,33.8358
Mozambique,2014,33,13,-23.7388,34.9748
Mozambique,2016,68,31,-19.8436,34.8389
Mozambique,2023,229,91,-13.3848,39.7885
Mozambique,2022,706,266,-11.0888,39.6973
Mozambique,2019,336,82,-11.2658,40.4200
Mozambique,2020,1313,187,-11.6324,40.0224
Mozambique,2021,1781,223,-12.4333,40.6063
Mozambique,1993,2,2,-19.1164,33.4833
Mozambique,1994,2,2,-19.8436,34.8389
Mozambique,1995,1,1,-25.9653,32.5892
Mozambique,2010,7,1,-25.9653,32.5892
Mozambique,2017,3,3,-19.8436,34.8389
Mozambique,2018,92,32,-10.7720,40.4753
Myanmar (Burma),1989,1378,33,22.0000,98.0000
Myanmar (Burma),1990,796,32,17.5000,97.7500
Myanmar (Burma),1991,1375,32,17.5000,97.7500
Myanmar (Burma),1992,1728,41,17.8370,97.6780
Myanmar (Burma),1993,145,12,16.5540,98.2382
Myanmar (Burma),1994,794,83,17.5000,97.7500
Myanmar (Burma),1995,1471,88,17.8370,97.6780
Myanmar (Burma),1997,788,88,17.5000,97.7500
Myanmar (Burma),1998,581,125,14.1667,98.5167
Myanmar (Burma),1999,369,129,15.6833,97.9833
Myanmar (Burma),2000,748,173,14.7052,98.3318
Myanmar (Burma),2001,387,93,15.9691,97.7308
Myanmar (Burma),2002,543,100,19.7703,96.1561
Myanmar (Burma),2003,272,65,15.8337,98.2444
Myanmar (Burma),2004,177,84,22.0000,98.0000
Myanmar (Burma),2005,449,81,17.5000,97.7500
Myanmar (Burma),2006,452,113,18.0623,97.4430
Myanmar (Burma),2007,704,177,22.0000,98.0000
Myanmar (Burma),2008,102,65,16.4161,98.8311
Myanmar (Burma),2009,222,34,16.4161,98.8311
Myanmar (Burma),2010,164,48,16.2500,97.7500
Myanmar (Burma),2011,793,256,22.0000,98.0000
Myanmar (Burma),2012,955,74,17.7000,97.7000
Myanmar (Burma),2014,256,35,18.0640,97.4450
Myanmar (Burma),2015,455,143,16.6647,98.5103
Myanmar (Burma),2018,111,62,17.1333,97.8333
Myanmar (Burma),2019,548,140,18.0682,97.3768
Myanmar (Burma),2020,190,73,18.0640,97.4450
Myanmar (Burma),2021,1546,810,17.7620,97.7419
Myanmar (Burma),2022,1879,1117,16.3682,98.5585
Myanmar (Burma),2023,1943,1281,16.0614,97.9913
Myanmar (Burma),2013,302,78,17.9427,97.7027
Myanmar (Burma),1996,591,79,16.2500,97.7500
Myanmar (Burma),2016,80,36,23.9571,98.1291
Myanmar (Burma),2017,2384,84,25.3128,97.6840
Namibia,1999,1,1,-17.9833,21.0000
Namibia,2000,60,14,-17.8000,23.3833
Namibia,1994,0,1,-18.1167,21.6333
Namibia,1996,2,1,-17.9500,20.4667
Namibia,2002,0,1,-17.9600,22.5600
Nepal,1996,77,53,28.7500,82.5833
Nepal,1997,48,37,28.3333,84.8333
Nepal,1998,357,218,28.4167,82.2500
Nepal,1999,295,244,27.5833,85.3333
Nepal,2000,365,186,28.4167,82.7500
Nepal,2001,569,229,28.3333,84.8333
Nepal,2002,4432,1531,28.8333,80.3333
Nepal,2003,1732,885,28.0833,82.8333
Nepal,2004,2456,1360,27.1667,87.8333
Nepal,2005,1399,649,27.2500,87.0833
Nepal,2006,566,215,28.1667,81.8333
Nepal,2009,9,2,28.7500,80.9167
Nepal,2007,31,20,26.6480,88.1600
Nepal,1990,14,9,26.7183,85.9065
Nepal,1992,0,1,28.3333,84.8333
Nepal,1993,3,3,28.0000,84.0000
Nepal,1994,0,1,28.0000,82.4167
Nepal,1995,0,1,28.4167,82.7500
Nepal,2008,0,9,28.0500,81.6167
Nepal,2022,1,1,28.3333,81.4167
Nepal,1991,2,1,28.8575,80.0845
Netherlands,1990,2,1,51.1942,5.9875
Netherlands,2015,0,1,52.3681,5.2004
Nicaragua,1989,519,20,13.0000,-85.0000
Nicaragua,1990,39,6,13.2125,-86.1106
Niger,2015,533,43,13.6987,13.3095
Niger,2019,390,61,14.4244,13.4150
Niger,2020,738,63,13.9470,13.4021
Niger,2022,566,64,14.4244,13.4150
Niger,2023,446,85,14.2528,13.1108
Niger,1994,50,11,14.0423,6.3212
Niger,1995,67,7,18.5000,7.5000
Niger,2004,4,1,16.8047,5.6442
Niger,1996,14,3,19.0004,12.8950
Niger,1997,81,8,13.6987,13.3095
Niger,1991,40,9,16.0000,8.0000
Niger,1992,29,11,14.9369,3.4336
Niger,1993,6,1,14.9369,3.4336
Niger,2007,98,22,19.7500,10.2500
Niger,2008,68,13,13.5167,2.1167
Niger,2012,1,1,18.5000,7.5000
Niger,1990,200,2,13.5167,2.1167
Niger,1998,147,2,13.5167,2.1167
Niger,1989,170,1,16.8649,11.9537
Niger,2016,299,18,13.3154,12.6113
Niger,2017,202,14,13.3154,12.6113
Niger,2018,178,23,13.6679,13.1277
Niger,2021,244,46,13.1756,12.2279
Niger,2013,31,6,16.9733,7.9911
Niger,2014,5,2,21.0160,12.3084
Nigeria,2009,530,40,11.8464,13.1603
Nigeria,2010,803,80,12.0000,11.5000
Nigeria,2011,1826,251,11.8464,13.1603
Nigeria,2012,1987,403,12.7907,10.2361
Nigeria,2013,3389,333,11.8464,13.1603
Nigeria,2014,10271,548,11.6918,13.2221
Nigeria,2015,9075,496,12.1076,11.7539
Nigeria,2016,3789,412,11.5206,14.0966
Nigeria,2017,2958,450,11.6463,14.1036
Nigeria,2018,2059,418,10.8522,13.5489
,2018-11-23,0,1,0.0000,0.0000
Nigeria,2019,1761,440,10.8977,12.6446
Nigeria,2020,1924,510,11.3734,13.6918
Nigeria,2021,1412,367,11.3745,14.0177
Nigeria,2022,2029,382,11.6918,13.2221
Nigeria,2023,3299,560,11.5206,14.0966
Nigeria,2003,366,55,13.0997,12.1079
Nigeria,2004,2118,86,13.0997,12.1079
Nigeria,1994,90,16,4.5947,8.3391
Nigeria,1990,89,2,5.0072,7.0319
Nigeria,1992,943,12,6.4531,3.3958
Nigeria,1993,1185,8,4.6727,7.3011
Nigeria,1995,1,1,4.5364,7.7471
Nigeria,1996,87,5,4.6737,7.3620
Nigeria,1997,595,20,4.7339,7.2300
Nigeria,1998,302,30,4.7339,7.2300
Nigeria,1999,3416,37,6.2907,7.4801
Nigeria,2000,2104,30,6.4531,3.3958
Nigeria,2001,2367,39,6.1454,6.7885
Nigeria,2002,612,43,4.2864,6.1755
Nigeria,2005,216,19,6.3350,5.6275
Nigeria,2006,225,21,4.7887,6.8943
Nigeria,2007,153,21,4.7774,7.0134
Nigeria,2008,425,27,10.5222,7.4383
,2018-10-30,0,1,0.0000,0.0000
,2019-02-25,0,1,0.0000,0.0000
,2018-10-15,0,1,0.0000,0.0000
,2019-02-22,0,1,0.0000,0.0000
Nigeria,1991,380,4,7.9633,9.8477
,2018-08-29,0,2,0.0000,0.0000
,2018-09-12,0,1,0.0000,0.0000
,2018-12-01,0,1,0.0000,0.0000
,2019-02-23,0,2,0.0000,0.0000
,2019-02-26,0,1,0.0000,0.0000
North Macedonia,2000,3,1,42.0264,21.5617
North Macedonia,2001,72,53,42.0775,21.0538
North Macedonia,1999,6,1,41.8333,22.0000
Pakistan,1990,386,44,34.8219,74.3555
Pakistan,1991,62,10,34.5717,73.8972
Pakistan,1993,48,7,33.8169,73.8252
Pakistan,1994,169,38,32.5650,74.6730
Pakistan,1995,127,23,32.5650,74.6730
Pakistan,1996,64,21,34.5717,73.8972
Pakistan,1997,123,29,32.4972,74.5361
Pakistan,1998,121,39,32.6084,74.6395
Pakistan,1999,57,12,32.9814,74.0712
Pakistan,2000,59,27,34.3034,73.8878
Pakistan,2001,42,9,34.3034,73.8878
Pakistan,2002,170,70,33.8145,73.9768
Pakistan,2003,242,79,34.6010,73.9227
Pakistan,2010,2522,260,32.4433,74.5682
Pakistan,2011,842,168,34.5891,73.9106
Pakistan,2012,3571,648,32.7841,74.4591
Pakistan,2013,2901,356,33.9694,74.0837
Pakistan,2014,3625,424,32.4775,74.8588
Pakistan,2015,2440,279,32.4822,74.7688
Pakistan,2016,1079,153,33.9510,74.2711
Pakistan,2017,945,151,33.9510,74.2711
Pakistan,2018,476,89,33.3316,74.1026
Pakistan,2019,267,93,33.4773,74.0947
Pakistan,2020,388,137,33.8186,74.0139
Pakistan,2021,414,181,32.9019,74.3618
Pakistan,2004,430,62,26.1167,62.0667
Pakistan,2005,153,47,25.6481,62.0495
Pakistan,2006,427,46,29.1417,69.0997
Pakistan,2007,1378,210,29.0864,68.8539
Pakistan,2008,4621,664,29.4560,68.8733
Pakistan,2009,7512,884,29.8406,68.0155
Pakistan,2022,686,274,24.8600,67.0100
Pakistan,2023,1115,365,32.4086,70.7469
Pakistan,1992,72,5,24.8600,67.0100
Pakistan,1989,114,20,24.8600,67.0100
Panama,1989,920,3,8.9667,-79.5333
Papua New Guinea,1992,61,16,-2.6100,141.0100
Papua New Guinea,1989,14,6,-6.0000,155.0000
Papua New Guinea,1990,61,15,-6.3153,155.4964
Papua New Guinea,1991,29,3,-5.5508,155.0163
Papua New Guinea,1993,40,14,-6.2132,155.5367
Papua New Guinea,1994,26,6,-6.5667,155.3500
Papua New Guinea,1995,33,11,-6.0000,155.0000
Papua New Guinea,1996,94,25,-6.5833,155.4167
Papua New Guinea,1997,12,4,-6.0000,155.0000
Papua New Guinea,2001,65,6,-9.4647,147.1925
Papua New Guinea,2022,77,9,-5.8809,144.7071
Papua New Guinea,2000,13,2,-6.1439,143.6605
Papua New Guinea,2002,7,3,-6.1439,143.6605
Papua New Guinea,1999,60,2,-6.2900,145.8594
Papua New Guinea,2019,28,3,-5.7521,142.7213
Papua New Guinea,2021,31,3,-6.2904,145.8593
Papua New Guinea,1998,40,2,-5.5000,143.5000
Paraguay,1989,150,1,-25.2939,-57.6111
Paraguay,2018,1,1,-25.2939,-57.6111
Paraguay,2020,1,1,-22.5472,-55.7333
Paraguay,2021,4,1,-22.5472,-55.7333
Paraguay,2016,1,1,-22.5472,-55.7333
Peru,1989,1930,168,-10.0000,-76.0000
Peru,1990,1208,138,-15.6594,-74.0906
Peru,1991,1349,121,-10.0000,-76.0000
Peru,1992,1149,126,-10.0000,-76.0000
Peru,1993,779,71,-10.0000,-76.0000
Peru,1994,369,35,-6.7714,-79.8409
Peru,1995,272,38,-8.9000,-76.0000
Peru,1996,105,25,-8.9000,-76.0000
Peru,1997,116,19,-10.0000,-76.0000
Peru,1998,33,9,-12.0651,-75.2049
Peru,1999,89,16,-8.9000,-76.0000
Peru,2000,5,4,-12.6073,-73.8106
Peru,2001,21,3,-14.0000,-74.2500
Peru,2002,13,6,-12.0433,-77.0283
Peru,2003,13,4,-13.1588,-74.2232
Peru,2004,3,2,-9.0378,-75.5091
Peru,2006,4,2,-9.2962,-75.9983
Peru,2007,20,7,-12.7000,-74.4000
Peru,2008,37,11,-14.0000,-74.2500
Peru,2009,47,11,-8.9000,-76.0000
Peru,2010,26,12,-11.5000,-75.0000
Peru,2011,14,10,-11.4410,-74.1140
Peru,2013,3,1,-12.4088,-74.0893
Peru,2014,14,8,-12.0830,-72.9207
Peru,2015,8,3,-12.2628,-73.9789
Peru,2016,11,2,-11.5218,-74.4441
Peru,2017,3,1,-12.2628,-73.9789
Peru,2021,20,3,-12.2023,-74.1866
Peru,2022,14,3,-11.5000,-75.0000
Peru,2023,12,2,-12.2023,-74.1866
Peru,2005,0,1,-9.8258,-76.2485
Peru,2019,2,1,-13.5241,-70.3949
Peru,2020,11,3,-5.0000,-78.2333
Philippines,1989,984,136,14.6042,120.9822
Philippines,1990,1362,128,15.0656,120.7217
Philippines,1991,1549,113,8.0000,125.0000
Philippines,1992,445,59,17.0833,121.1667
Philippines,1993,318,45,14.9483,120.9622
Philippines,1994,308,40,13.9314,121.6172
Philippines,1995,188,18,6.9514,125.0992
Philippines,1996,199,26,15.9613,121.0641
Philippines,1997,322,40,15.3667,120.0333
Philippines,1998,138,23,13.4589,123.6828
Philippines,1999,203,47,9.6667,125.6333
Philippines,2000,1667,161,13.4364,121.0172
Philippines,2001,1042,142,13.0000,122.0000
Philippines,2002,763,211,7.6862,123.2006
Philippines,2003,1134,152,7.3167,125.4333
Philippines,2004,471,136,7.5920,126.0728
Philippines,2005,487,124,13.8167,122.7833
Philippines,2006,434,131,13.0000,122.0000
Philippines,2007,483,103,13.0000,122.0000
Philippines,2008,554,177,14.2094,121.3819
Philippines,2009,990,154,13.0000,122.0000
Philippines,2010,372,119,13.0000,122.0000
Philippines,2011,412,148,7.4471,125.8096
Philippines,2012,311,109,8.7722,125.6944
Philippines,2013,537,139,13.1712,123.5126
Philippines,2014,484,149,6.7550,125.2367
Philippines,2015,628,203,12.2961,125.1467
Philippines,2016,616,168,13.8300,123.3953
Philippines,2017,1709,265,6.9350,125.1991
Philippines,2018,418,114,13.0000,122.0000
Philippines,2019,347,127,13.2720,123.2619
Philippines,2020,376,158,9.8597,122.4988
Philippines,2021,288,140,9.5167,125.6500
Philippines,2022,214,113,7.2803,125.9086
Philippines,2023,248,110,8.0000,125.0000
Poland,2022,2,1,50.4734,23.9344
Qatar,2004,0,1,25.2867,51.5333
Romania,1989,448,16,46.0000,25.0000
Russia (Soviet Union),1990,387,26,60.0000,100.0000
Russia (Soviet Union),1991,328,55,40.0000,46.5833
Russia (Soviet Union),1993,145,12,55.7558,37.6173
Russia (Soviet Union),1994,485,31,43.3180,45.6982
Russia (Soviet Union),1995,1910,205,43.3180,45.6982
Russia (Soviet Union),1996,2764,147,43.3058,45.7477
Russia (Soviet Union),1997,13,5,43.9611,47.6434
Russia (Soviet Union),1998,7,3,42.9849,47.5046
Russia (Soviet Union),1999,6182,67,43.2396,46.4039
Russia (Soviet Union),2000,4333,176,43.1488,45.9010
Russia (Soviet Union),2001,992,159,43.3058,45.7477
Russia (Soviet Union),2002,1508,388,43.1857,46.1443
Russia (Soviet Union),2003,503,72,43.2917,45.8724
Russia (Soviet Union),2004,1317,253,42.9595,46.1134
Russia (Soviet Union),2005,688,247,43.3180,45.6982
Russia (Soviet Union),2006,260,152,43.3180,45.6982
Russia (Soviet Union),2007,182,144,42.9849,47.5046
Russia (Soviet Union),2023,196,83,50.2392,36.6156
Russia (Soviet Union),2008,410,192,43.2382,45.0492
Russia (Soviet Union),2009,698,315,43.3056,44.9094
Russia (Soviet Union),2010,473,243,42.8496,47.6269
Russia (Soviet Union),2011,395,240,43.3058,45.7477
Russia (Soviet Union),2012,524,222,43.7114,44.8061
Russia (Soviet Union),2013,365,179,43.5833,43.4000
Russia (Soviet Union),2014,176,76,43.1000,46.8833
Russia (Soviet Union),2015,86,31,43.6660,45.3841
Russia (Soviet Union),2016,78,29,42.3833,46.9667
Russia (Soviet Union),2017,52,27,42.5648,47.5650
Russia (Soviet Union),2018,38,21,42.6787,46.8215
Russia (Soviet Union),1989,21,4,41.3125,69.3903
Russia (Soviet Union),1992,1,1,55.7558,37.6173
Russia (Soviet Union),2020,33,18,56.8517,60.6119
Russia (Soviet Union),2022,66,31,50.5341,35.7970
Russia (Soviet Union),2019,26,12,42.9236,47.4615
Russia (Soviet Union),2021,2,2,57.0096,35.0049
Rwanda,1990,2638,35,-1.0636,30.4375
Rwanda,1991,1102,38,-1.3711,30.1583
Rwanda,1992,647,32,-1.3711,30.1583
Rwanda,1993,977,42,-1.3700,29.7425
Rwanda,1994,460460,1954,-1.3725,30.2168
Rwanda,1996,805,39,-2.6676,29.4668
Rwanda,1997,6780,124,-2.0000,30.0000
Rwanda,1998,1694,63,-1.7397,29.2933
Rwanda,1995,4214,15,-2.4846,28.9075
Rwanda,2016,3,3,-1.7510,29.4095
Rwanda,2017,1,1,-1.9597,29.4438
Rwanda,1999,29,1,-1.5783,29.3877
Rwanda,2013,1,2,-1.6813,29.3293
Rwanda,2022,8,3,-1.6815,29.2457
Rwanda,2001,2044,22,-1.5870,29.5292
Rwanda,2004,16,1,-1.5400,29.3600
Rwanda,2018,6,2,-2.7260,29.4123
Rwanda,2019,19,1,-1.5076,29.6066
Rwanda,2021,5,1,-2.5833,29.2489
Saudi Arabia,1991,91,4,24.6537,46.7152
Saudi Arabia,2004,91,41,24.6537,46.7152
Saudi Arabia,2005,31,17,25.8080,44.8857
Saudi Arabia,2006,11,3,25.9371,49.6776
Saudi Arabia,2007,2,2,24.4686,39.6142
Saudi Arabia,2015,113,40,26.5208,50.0245
Saudi Arabia,2016,125,33,22.9500,50.1500
Saudi Arabia,2003,26,2,24.6537,46.7152
Saudi Arabia,2019,6,7,18.2164,42.5053
Saudi Arabia,2017,45,7,17.0394,43.0859
Saudi Arabia,2018,10,7,18.2500,45.8500
Saudi Arabia,2020,0,1,25.0000,45.0000
Saudi Arabia,2021,6,3,17.1500,42.7000
Saudi Arabia,2023,9,3,17.5540,43.4600
Senegal,1990,84,14,12.7500,-15.5000
Senegal,1992,135,16,12.4036,-16.4114
Senegal,1993,285,30,12.7500,-15.5000
Senegal,1995,329,39,12.7500,-15.5000
Senegal,1996,5,2,12.4706,-16.3828
Senegal,1997,366,32,12.7500,-15.5000
Senegal,1998,343,31,12.7500,-15.5000
Senegal,1999,31,9,12.5833,-16.2719
Senegal,2000,56,23,12.5567,-16.2339
Senegal,2001,47,12,12.4706,-16.3828
Senegal,2002,45,15,12.5833,-16.2719
Senegal,2003,39,5,12.3822,-16.7483
Senegal,2004,3,1,12.4931,-16.1717
Senegal,2005,1,1,12.7278,-15.1911
Senegal,2006,126,4,13.0333,-16.1333
Senegal,2008,11,3,12.5833,-16.2719
Senegal,2009,19,11,12.5220,-16.2162
Senegal,2010,19,9,12.5206,-16.3086
Senegal,2011,37,14,12.9214,-15.9964
Senegal,2012,23,10,12.6489,-16.3631
Senegal,2013,6,3,12.9253,-16.7389
Senegal,2020,0,1,12.5883,-15.9766
Senegal,2021,0,2,13.1000,-16.6842
Senegal,2018,1,1,16.0186,-16.4906
Senegal,1991,16,7,12.7500,-15.5000
Senegal,1989,121,11,15.0219,-12.5436
Serbia (Yugoslavia),1991,3295,250,46.2500,15.1667
Serbia (Yugoslavia),1992,1604,379,44.1197,15.2422
Serbia (Yugoslavia),1996,2,3,42.8833,20.8667
Serbia (Yugoslavia),1997,9,5,42.8231,20.9675
Serbia (Yugoslavia),1998,1446,221,42.5833,21.0000
Serbia (Yugoslavia),1999,2153,335,42.6461,21.0067
Serbia (Yugoslavia),2001,0,1,42.1136,21.2736
Serbia (Yugoslavia),1995,0,2,44.3953,19.1158
Sierra Leone,2001,73,19,8.7500,-12.6667
Sierra Leone,1991,1225,128,8.0167,-10.6167
Sierra Leone,1992,531,64,8.5000,-11.5000
Sierra Leone,1993,642,68,7.7842,-10.7450
Sierra Leone,1994,2097,164,8.8833,-11.1667
Sierra Leone,1995,3194,197,8.7500,-12.5000
Sierra Leone,1996,943,100,8.6333,-10.9833
Sierra Leone,1997,1233,137,7.5225,-10.8975
Sierra Leone,1998,5001,354,8.8833,-12.0500
Sierra Leone,1999,4349,195,8.2172,-11.0624
Sierra Leone,2000,856,59,9.1425,-12.7961
Sierra Leone,2021,1,1,8.3797,-13.1386
Sierra Leone,2002,1,1,8.5000,-11.5000
Solomon Islands,1992,2,1,-7.0500,155.7500
Somalia,1996,949,92,3.7965,42.5442
Somalia,1999,542,41,4.7196,44.7043
Somalia,2004,670,52,4.1664,42.0786
Somalia,2010,2722,313,4.1664,42.0786
Somalia,1989,1061,33,9.4081,45.0622
Somalia,1990,2700,52,9.3333,45.4167
Somalia,1991,8455,20,10.0000,44.5000
Somalia,1992,4729,18,2.0667,45.3667
Somalia,1993,483,20,2.0667,45.3667
Somalia,1994,626,37,2.0667,45.3667
Somalia,1995,444,69,2.0667,45.3667
Somalia,2001,483,31,2.0667,45.3667
Somalia,2002,638,61,2.3386,42.2856
Somalia,2006,1204,79,3.1167,43.6500
Somalia,2007,1620,294,-0.3582,42.5454
Somalia,2008,1747,287,2.7667,45.5167
Somalia,2009,2204,255,2.0667,45.3667
Somalia,2011,2096,269,2.0667,45.3667
Somalia,2012,2925,440,2.3386,42.2856
Somalia,2013,1012,378,3.1706,43.4100
Somalia,2014,858,355,2.0667,45.3667
Somalia,2015,902,267,2.0667,45.3667
Somalia,2016,951,300,2.0667,45.3667
Somalia,2017,965,203,2.0667,45.3667
Somalia,2018,1803,407,2.0471,44.8983
Somalia,2019,1513,314,0.3046,41.4394
Somalia,2020,1127,267,0.9625,41.0616
Somalia,2021,1841,333,3.8082,43.2476
, 2021: Tracking and Monitoring Al-Shabaab’s Activity in East Africa;Al Shabaab militants storm Somali jail,0,1,0.0000,0.0000
, 2021: Tracking and Monitoring Al-Shabaab’s Activity in East Africa;Somalia OCTOBER 2021,0,1,0.0000,1.0000
Somalia,2022,1859,271,4.9203,45.2226
, 2022,0,2,NaN,2.0000
Somalia,2023,3125,186,4.7442,47.8509
, 2023,0,1,NaN,2.0000
Somalia,2000,185,27,1.2917,43.6351
Somalia,2003,405,49,3.1167,43.6500
Somalia,1998,330,18,2.0667,45.3667
Somalia,2005,340,26,4.7358,45.2036
Somalia,1997,277,27,2.0343,45.0244
South Africa,1989,579,275,-18.0000,18.0000
South Africa,1990,1459,562,-29.1211,26.2140
South Africa,1991,737,448,-30.2067,30.7978
South Africa,1992,759,572,-26.5590,27.8441
South Africa,1993,895,576,-25.1132,29.0445
South Africa,1994,532,263,-33.9167,18.4167
South Africa,2002,2,3,-33.9167,18.4167
South Africa,2010,1,1,-29.0000,26.0000
South Africa,2015,0,1,-29.3645,31.2658
South Africa,2016,3,3,-31.1134,29.1734
South Africa,2019,4,5,-29.6017,30.3786
South Africa,2020,23,16,-26.2022,28.0436
South Africa,2023,5,5,-27.0095,30.4877
South Africa,2018,12,3,-29.6506,31.0392
South Africa,1996,156,37,-33.9167,18.4167
South Africa,1997,30,20,-33.9167,18.4167
South Africa,1998,44,23,-33.9167,18.4167
South Africa,2021,79,8,-33.9167,18.4167
South Africa,2022,2,3,-33.9167,18.4167
South Africa,1995,143,39,-28.4167,32.1833
South Africa,1999,19,11,-27.9000,31.6500
South Africa,2000,0,1,-27.9000,31.6500
South Africa,2004,0,4,-29.0000,30.0000
South Sudan,2011,1134,30,8.4667,25.6833
South Sudan,2012,851,58,11.8300,32.8000
South Sudan,2013,1416,77,8.8500,27.0000
South Sudan,2016,478,44,9.0911,29.0982
South Sudan,2018,943,119,9.8790,29.9815
South Sudan,2015,635,69,8.4667,25.6833
South Sudan,2014,1286,63,9.5334,31.6605
South Sudan,2017,704,95,3.8485,31.6598
South Sudan,2019,407,44,4.2390,30.3501
South Sudan,2020,306,47,4.8500,31.6167
South Sudan,2021,540,44,8.0000,28.8500
South Sudan,2022,415,28,5.6000,27.4667
South Sudan,2023,169,8,7.6970,28.0045
Spain,1989,17,12,43.3667,-3.0167
Spain,1990,19,10,43.2609,-2.9388
Spain,1991,45,23,43.3136,-1.9819
Spain,1992,23,15,41.3984,2.1741
Spain,1993,12,6,43.3136,-1.9819
Spain,1994,11,9,41.3984,2.1741
Spain,1995,13,10,43.2609,-2.9388
Spain,1996,4,4,43.3136,-1.9819
Spain,1997,12,11,40.4128,-3.7077
Spain,1998,7,6,43.2833,-2.1667
Spain,2000,20,15,40.4128,-3.7077
Spain,2001,12,11,43.3136,-1.9819
Spain,2002,5,4,43.2787,-2.1254
Spain,2003,3,2,43.2166,-2.0253
Spain,2008,2,2,42.9780,-2.6424
Spain,2009,3,2,43.2609,-2.9388
Spain,2017,16,3,41.3984,2.1741
Spain,2004,191,1,40.4128,-3.7077
Spain,2023,2,1,41.0766,1.1416
Sri Lanka,1989,1273,191,6.0833,80.5667
Sri Lanka,1990,4831,243,7.1969,80.6700
Sri Lanka,1991,6646,316,7.0000,81.0000
Sri Lanka,1992,4444,180,7.0000,81.0000
Sri Lanka,1993,2084,111,9.7446,79.9498
Sri Lanka,1994,712,80,7.0000,81.0000
Sri Lanka,1995,4880,249,9.1167,80.8000
Sri Lanka,1996,4097,120,8.6333,81.0317
Sri Lanka,1997,2902,135,7.7102,81.6924
Sri Lanka,1998,3830,179,9.6600,80.1510
Sri Lanka,1999,1948,184,9.1513,80.6526
Sri Lanka,2000,2569,177,9.5667,80.4000
Sri Lanka,2001,1162,136,8.8644,80.4992
Sri Lanka,2002,17,5,9.2977,80.8851
Sri Lanka,2003,33,23,9.7500,80.0833
Sri Lanka,2004,84,36,7.7102,81.6924
Sri Lanka,2005,129,82,9.6364,80.2937
Sri Lanka,2006,2173,229,7.0000,81.0000
Sri Lanka,2007,2564,488,8.6659,80.3138
Sri Lanka,2008,8428,1015,9.7500,80.0833
Sri Lanka,2009,10207,375,9.3575,80.7241
Sri Lanka,2011,2,2,8.5707,79.0461
Sri Lanka,2013,5,1,7.0333,80.0167
Sudan,2022,544,51,14.1551,36.4793
Sudan,1989,6533,32,13.0000,25.0000
Sudan,1990,5335,63,13.0000,25.0000
Sudan,2010,1790,94,15.1052,22.9388
Sudan,1991,4566,30,11.0000,30.0000
Sudan,1992,4314,57,5.0000,33.0000
Sudan,1993,6042,78,5.0000,29.0000
Sudan,1994,977,19,3.5673,30.8734
Sudan,1995,1494,43,5.0000,33.0000
Sudan,1996,2735,54,5.0000,33.0000
Sudan,1997,4730,89,5.0000,33.0000
Sudan,1998,5958,126,7.7000,28.0000
Sudan,1999,2067,64,15.0000,30.0000
Sudan,2000,3537,71,12.0000,30.7500
Sudan,2001,3719,74,6.5236,31.5361
Sudan,2002,3227,55,10.0000,32.7000
Sudan,2003,5010,103,9.1496,29.0317
Sudan,2004,9483,219,10.0000,32.7000
Sudan,2007,1120,70,14.2000,24.6667
Sudan,2008,1241,98,13.4500,22.4500
Sudan,2009,2631,122,12.0000,25.6333
Sudan,2011,2513,158,13.0000,25.0000
Sudan,2005,1405,86,12.0500,24.8833
Sudan,2006,2187,109,14.6500,24.5833
Sudan,2016,664,67,12.8276,24.2494
Sudan,2017,262,33,13.2875,24.6479
Sudan,2018,121,45,12.8167,26.2833
Sudan,2019,175,44,13.0790,24.3192
Sudan,2020,331,32,12.9920,24.1310
Sudan,2021,175,35,13.2600,24.1700
Sudan,2013,1904,138,14.3698,25.7547
, 2001 http://www.survivorsrightsinternational.org/sri_news/SRI-Khar.pdf,0,1,0.0000,0.0000
Sudan,2012,1511,112,15.0000,30.0000
Sudan,2014,480,74,13.1842,30.2167
Sudan,2015,835,129,11.9483,24.9474
African Centre for Justice and Peace Studies;Associated Press Newswires,2020-01-10;2018-12-25,0,1,NaN,0.0000
, 2019,0,4,NaN,1.0000
,2019-07-31,0,1,0.0000,0.0000
,2019-08-01,0,1,0.0000,0.0000
,2019-08-02,0,1,0.0000,0.0000
Sudan,2023,3838,178,13.1339,22.4200
Sweden,2017,5,1,59.3294,18.0686
Syria,2004,8,3,33.5134,36.2916
Syria,2019,10887,2327,33.5134,36.2916
Syria,2020,5413,1116,33.4106,36.5144
Syria,2013,74098,18454,36.8114,42.0621
Syria,2014,78137,16597,34.4500,40.9186
Syria,2015,57134,11018,35.9528,39.0079
Syria,2016,51517,9001,35.1556,40.4258
Syria,2017,37166,7934,32.6880,36.2235
Syria,2018,20960,3415,36.0000,38.9333
Syria,2021,1905,812,37.0522,41.2314
Syria,2008,1,1,33.5134,36.2916
Syria,2022,1661,790,36.3770,41.1467
Syria,2023,2183,1004,35.4581,40.6625
Syria,2011,4076,917,32.6189,36.1021
,2011-04-11,0,1,0.0000,0.0000
,2011-04-08,0,2,0.0000,0.0000
Syria,2012,52206,11658,33.4991,36.1912
,2012-02-11,0,1,0.0000,0.0000
Name	Humaid Abdullah;VDC,2012-06-06,0,1,NaN,NaN
,2012-06-15,0,1,0.0000,0.0000
,2012-01-02,0,1,0.0000,0.0000
,2012-01-03,0,2,0.0000,0.0000
,2012-08-16,0,1,0.0000,0.0000
,2012-04-13,0,1,0.0000,0.0000
,2012-05-24,0,1,0.0000,0.0000
,2012-06-14,0,1,0.0000,0.0000
Tajikistan,1992,3859,38,39.0000,71.0000
Tajikistan,1993,1045,34,38.6933,69.7369
Tajikistan,1994,366,31,37.8000,70.0000
Tajikistan,1995,368,46,39.0000,71.0000
Tajikistan,1996,2797,66,38.8890,71.1225
Tajikistan,1997,97,10,38.5986,69.1075
Tajikistan,1998,600,19,38.5986,69.1075
Tajikistan,1999,4,3,37.4962,68.2630
Tajikistan,2006,8,4,40.1265,70.6253
Tajikistan,2005,1,1,38.5600,68.7739
Tajikistan,2009,17,7,37.4897,71.5530
Tajikistan,2010,21,1,37.1102,68.3157
Tajikistan,2013,3,2,40.2688,70.3306
Tajikistan,2000,46,2,38.8678,69.9664
Tajikistan,2014,3,2,39.8513,70.5801
Tajikistan,2021,16,5,39.9321,70.4965
Tajikistan,2022,85,24,39.9754,70.5696
Tanzania,1992,1,1,-6.8000,39.2833
Tanzania,1999,0,1,-5.1333,32.5333
Tanzania,2001,37,7,-6.1667,39.1833
Tanzania,2012,1,1,-9.3247,32.9618
Tanzania,2014,10,1,-1.4680,34.5207
Tanzania,2018,1,1,-6.8000,39.2833
Tanzania,2019,8,3,-1.4680,34.5207
Tanzania,2020,30,6,-1.4680,34.5207
Tanzania,2022,4,3,-10.2667,40.1833
Tanzania,1997,3,1,-4.4933,29.7567
Tanzania,2017,1,1,-3.0227,30.8516
Tanzania,2021,24,7,-10.5416,40.2796
Tanzania,2007,3,1,-1.9167,31.2500
Tanzania,1996,10,1,-2.5122,30.6558
Thailand,1990,20,4,19.0662,97.8544
Thailand,2000,8,1,16.3861,98.6903
Thailand,2001,25,3,17.2267,98.2250
Thailand,2008,328,224,16.3861,98.6903
Thailand,2010,199,146,15.1555,98.4536
Thailand,1994,1,1,14.7083,98.3311
Thailand,2005,494,434,19.3085,97.9653
Thailand,2007,518,367,18.8394,97.9514
Thailand,2002,23,1,20.0015,99.0531
Thailand,1995,12,7,14.8333,104.3333
Thailand,1998,12,4,12.2948,102.6160
Thailand,1989,6,3,13.7500,102.3333
Thailand,1997,7,3,14.4531,103.6919
Thailand,2003,15,11,6.5960,101.5298
Thailand,2004,276,125,6.2034,101.7201
Thailand,2006,540,444,6.2564,101.2785
Thailand,2009,258,169,6.4053,101.1268
Thailand,2012,208,117,6.4219,101.3395
Thailand,2013,217,114,6.8543,101.2640
Thailand,2014,97,69,6.2550,101.7050
Thailand,2015,69,43,6.2419,101.8094
Thailand,2016,62,45,6.6652,101.6075
Thailand,2017,31,20,6.4998,101.3854
Thailand,2018,54,36,6.6924,101.3141
Thailand,2019,29,19,6.8849,101.3922
,2019-04-06,0,1,0.0000,0.0000
Thailand,2020,47,33,6.0402,101.3654
Thailand,2021,38,27,6.6974,101.0850
Thailand,2022,27,20,6.1897,101.7335
Thailand,2023,30,24,6.3258,101.4797
Thailand,1993,1,2,16.7167,98.5667
Thailand,1999,1,1,19.9136,99.8269
Thailand,1992,0,1,7.0084,100.4767
,2019-01-19,0,1,0.0000,0.0000
Thailand,1996,1,1,17.1289,98.3806
Thailand,1991,2,1,14.7083,98.3311
Togo,1991,63,4,6.1319,1.2228
Togo,1992,5,2,9.3500,1.3500
Togo,1993,48,3,8.0000,1.1667
Togo,1998,9,4,8.0000,1.1667
Togo,2005,436,93,6.1299,1.2160
Togo,2019,1,1,9.3569,1.2484
Togo,2022,31,5,10.9720,0.3974
Togo,2023,71,17,10.8475,0.8167
Trinidad and Tobago,1990,8,2,10.6500,-61.5167
Tunisia,2015,128,22,36.8061,10.1711
Tunisia,2018,17,7,35.1833,8.6500
Tunisia,2002,21,1,33.8000,10.9000
Tunisia,2011,8,2,35.6978,9.1456
Tunisia,2013,29,8,35.1833,8.6500
Tunisia,2014,25,17,35.1676,8.8365
Tunisia,2016,79,11,35.1676,8.8365
Tunisia,2017,13,9,35.3180,8.8523
Tunisia,2019,16,8,36.1822,8.7147
Tunisia,2020,7,3,35.1833,8.6500
Tunisia,2021,13,8,36.1822,8.7147
Tunisia,2023,3,1,35.1676,8.8365
Tunisia,2022,3,1,35.1676,8.8365
Turkey,1994,4179,636,40.4936,34.7386
Turkey,1996,3205,634,41.1667,28.7500
Turkey,1989,538,201,37.3250,42.1958
Turkey,1990,630,223,37.4025,40.9561
Turkey,1991,448,158,37.2498,42.4717
Turkey,1992,1904,340,37.9272,41.7028
Turkey,1993,2761,499,37.8909,42.5269
Turkey,1995,3552,810,38.3416,41.1625
Turkey,1997,2607,480,37.8722,42.5711
Turkey,1998,2057,327,37.4661,44.0644
Turkey,1999,1195,268,38.0819,41.4072
Turkey,2000,153,33,37.4650,42.1731
Turkey,2001,120,33,37.4494,42.5744
Turkey,2002,34,21,38.1371,41.0082
Turkey,2003,150,43,37.4661,44.0644
Turkey,2004,221,124,37.4494,42.5744
Turkey,2005,295,114,37.4604,42.7095
Turkey,2006,226,92,37.8909,42.5269
Turkey,2007,502,137,39.0833,40.8333
Turkey,2008,491,129,37.9158,40.2189
Turkey,2009,138,47,37.1656,41.3879
Turkey,2010,234,78,38.3736,44.4059
Turkey,2011,410,114,37.4494,42.5744
Turkey,2012,789,141,38.1912,41.4778
Turkey,2013,74,8,37.2506,43.6167
Turkey,2014,11,8,37.4494,42.5744
Turkey,2015,1061,232,39.5488,43.6749
Turkey,2016,1544,225,37.9158,40.2189
Turkey,2017,388,54,37.9158,40.2189
Turkey,2018,378,150,37.4494,42.5744
Turkey,2019,272,128,39.8936,43.9978
Turkey,2020,203,104,39.0833,39.5000
Turkey,2021,132,77,37.4650,42.1731
, 2021,0,1,0.0000,0.0000
Turkey,2022,85,55,38.4074,43.7178
Turkey,2023,91,50,37.4650,42.1731
,2019-11-28,0,1,0.0000,0.0000
Uganda,2006,330,97,-1.2066,29.6811
Uganda,1989,1057,24,3.6281,31.7536
Uganda,1990,809,34,3.6281,31.7536
Uganda,1991,1018,21,3.3167,31.0333
Uganda,1992,76,4,1.7146,33.6111
Uganda,1994,160,18,1.4167,34.0000
Uganda,1995,537,20,3.5000,33.0000
Uganda,1996,1798,120,3.5000,33.0000
Uganda,1997,1354,77,3.1233,32.4136
Uganda,1998,1214,121,2.4239,33.2824
Uganda,1999,1007,87,2.6120,32.1025
Uganda,2000,1238,116,3.5000,33.0000
Uganda,2001,212,55,3.5000,33.0000
Uganda,2002,1313,163,3.7594,33.0369
Uganda,2003,1610,192,3.1970,33.0752
Uganda,2004,2004,251,2.5572,32.3678
Uganda,2005,922,221,3.5000,33.0000
Uganda,2007,156,21,2.8822,32.7312
Uganda,2009,59,6,0.3156,32.5656
Uganda,2014,7,1,0.6498,30.0832
Uganda,2018,1,1,0.3995,32.0395
Uganda,2019,1,1,0.3158,32.5972
Uganda,2021,11,8,0.1667,32.5000
Uganda,2023,19,8,-0.0209,29.7732
Uganda,2010,74,1,0.3156,32.5656
Uganda,2008,31,7,3.0000,34.0000
Uganda,2016,30,2,0.6667,30.0500
Uganda,2022,4,3,1.0067,30.3588
Ukraine,2022,92109,5846,46.6406,32.6159
Ukraine,2023,59131,8224,48.6763,38.0986
Ukraine,2014,4555,1293,50.4500,30.5233
Ukraine,2016,257,129,46.1199,33.6897
Ukraine,2015,1592,684,48.0750,37.7256
Ukraine,2017,417,194,48.1400,37.7400
Ukraine,2018,243,153,48.1400,37.7400
Ukraine,2019,304,195,48.1500,38.6500
Ukraine,2020,187,140,48.1400,37.7400
Ukraine,2021,175,140,48.1400,37.7400
United Arab Emirates,2010,1,1,25.2582,55.3047
United Arab Emirates,2022,3,1,24.4330,54.6511
United Kingdom,2019,2,2,51.5085,-0.1257
United Kingdom,1989,38,24,54.7875,-7.4728
United Kingdom,1990,47,31,54.7000,-7.6000
United Kingdom,1991,38,32,54.3167,-7.4000
United Kingdom,1992,38,29,54.4833,-8.0833
United Kingdom,1993,47,34,54.9981,-7.3093
United Kingdom,1994,16,16,54.5833,-5.9333
United Kingdom,1996,2,2,51.5085,-0.1257
United Kingdom,1997,5,4,54.1942,-6.3995
United Kingdom,1998,31,3,54.6000,-7.3000
United Kingdom,2009,2,2,54.7000,-6.2000
United Kingdom,2011,1,1,54.6000,-7.3000
United Kingdom,2005,53,2,51.5085,-0.1257
United Kingdom,2000,1,1,54.5833,-5.9333
United Kingdom,2001,1,1,54.5833,-5.9333
United Kingdom,2002,3,4,54.5833,-5.9333
United Kingdom,2003,1,2,54.6534,-5.6689
United Kingdom,2004,1,1,54.6598,-5.9086
United Kingdom,2006,0,1,54.7158,-5.8058
United States of America,2001,2986,3,38.8771,-77.1019
United States of America,2015,14,1,34.1000,-117.3000
United States of America,2017,8,1,40.7128,-74.0058
United States of America,2018,1,1,34.5849,-86.4577
United States of America,2010,2,1,31.2504,-99.2506
United States of America,2019,4,1,29.0815,-82.0126
Uzbekistan,1999,41,5,41.3167,69.2500
Uzbekistan,2000,143,13,38.6667,67.8000
Uzbekistan,2004,37,8,41.3167,69.2500
Uzbekistan,2009,16,2,40.7976,73.0047
Venezuela,1992,222,74,10.4880,-66.8792
Venezuela,2007,16,23,8.0000,-66.0000
Venezuela,1989,31,27,10.5667,-66.9000
Venezuela,1990,46,47,7.6667,-71.9167
Venezuela,1991,30,38,10.4880,-66.8792
Venezuela,1993,62,73,10.4880,-66.8792
Venezuela,1994,163,45,10.4880,-66.8792
Venezuela,1995,25,40,8.0000,-66.0000
Venezuela,1996,33,53,10.6317,-71.6406
Venezuela,1997,33,5,10.2500,-66.4167
Venezuela,1998,10,14,10.2500,-66.4167
Venezuela,1999,26,41,10.2469,-67.5958
Venezuela,2000,24,38,9.8333,-70.9167
Venezuela,2001,26,48,10.1315,-65.4211
Venezuela,2002,27,30,10.0739,-69.3228
Venezuela,2003,25,40,10.1333,-64.7000
Venezuela,2004,31,50,8.3512,-62.6410
Venezuela,2005,30,32,9.6688,-66.8359
Venezuela,2006,22,21,8.3512,-62.6410
Venezuela,2008,27,44,8.8875,-64.2454
Venezuela,2009,26,44,10.2469,-67.5958
Venezuela,2010,3,3,10.6317,-71.6406
Venezuela,2011,1,4,10.4880,-66.8792
Venezuela,2012,26,4,10.0739,-69.3228
Venezuela,2013,0,1,9.6688,-66.8359
Venezuela,2014,3,5,10.4880,-66.8792
Venezuela,2015,9,9,10.4880,-66.8792
Venezuela,2016,19,16,10.4880,-66.8792
Venezuela,2017,68,86,10.4880,-66.8792
Venezuela,2018,91,88,10.4880,-66.8792
Venezuela,2019,40,36,10.4880,-66.8792
Venezuela,2020,5,4,10.5000,-66.6667
Venezuela,2021,13,8,8.0833,-72.2500
Venezuela,2022,35,21,6.3333,-63.5000
Venezuela,2023,14,13,10.4880,-66.8792
Yemen (North Yemen),2009,94,5,15.9384,47.2288
Yemen (North Yemen),2010,196,62,15.5000,47.5000
Yemen (North Yemen),2011,1396,218,13.8828,45.8686
Yemen (North Yemen),2012,2426,252,13.1287,45.3807
Yemen (North Yemen),2013,561,125,14.4151,44.8371
Yemen (North Yemen),2014,2286,277,12.7794,45.0367
Yemen (North Yemen),2015,7766,590,14.5377,46.8319
Yemen (North Yemen),2016,3849,336,15.3547,44.2067
Yemen (North Yemen),2017,3492,389,14.5333,44.9750
Yemen (North Yemen),2018,4621,370,14.0529,44.9636
Yemen (North Yemen),2019,2708,297,13.5000,44.0000
Yemen (North Yemen),2020,6531,648,14.1491,45.4692
Yemen (North Yemen),2021,23292,763,14.3417,45.3944
Yemen (North Yemen),2022,3200,449,15.4167,45.3500
Yemen (North Yemen),1994,1489,72,13.7862,46.1418
Yemen (North Yemen),2000,19,1,12.7794,45.0367
Yemen (North Yemen),2002,2,1,14.7603,49.6054
Yemen (North Yemen),2008,21,2,15.3547,44.2067
Yemen (North Yemen),2023,834,311,14.5179,44.7755
Yemen (North Yemen),2003,6,1,16.6897,45.6116
Yemen (North Yemen),2004,29,2,16.6897,45.6116
Zambia,2001,7,2,-16.3235,22.1058
Zambia,1989,87,25,-14.4667,31.6500
Zambia,1990,40,9,-14.2521,32.1670
Zimbabwe (Rhodesia),1995,4,2,-16.8099,29.6925
Zimbabwe (Rhodesia),1998,1,1,-18.9707,32.6709
Zimbabwe (Rhodesia),1999,1,1,-20.1500,28.5833
Zimbabwe (Rhodesia),2001,0,1,-20.1500,28.5833
Zimbabwe (Rhodesia),2003,0,1,-17.8178,31.0447
Zimbabwe (Rhodesia),2007,0,2,-19.0000,29.0000
Zimbabwe (Rhodesia),2008,253,40,-16.8834,31.1225
Zimbabwe (Rhodesia),2009,0,1,-19.6667,30.0000
Zimbabwe (Rhodesia),2011,1,1,-17.8178,31.0447
Zimbabwe (Rhodesia),2018,3,1,-20.1500,28.5833
Zimbabwe (Rhodesia),2019,6,7,-17.8178,31.0447
Zimbabwe (Rhodesia),1989,37,3,-19.0000,32.5000
Zimbabwe (Rhodesia),1990,14,3,-18.0000,32.8333
